
drop database IF EXISTS EmpresasInformaticas;
CREATE DATABASE EmpresasInformaticas;

USE EmpresasInformaticas;


-- Eliminar
DROP TABLE if exists FacturaComponente ;
DROP TABLE if exists Factura;
DROP TABLE if exists Componente;
DROP TABLE if exists TipoComponente;
DROP TABLE if exists Tienda;



-- Crear Tablas
CREATE TABLE Componente (
  clave VARCHAR(20) NOT NULL primary key, 
  descripcion VARCHAR(255), 
  precio FLOAT, 
  CodTipo INT
) engine=innodb default charset=utf8;


CREATE TABLE Factura (
  NFactura INT NOT NULL primary key, 
  Fecha DATETIME, 
  Cliente VARCHAR(255), 
  idTienda INT
) engine=innodb default charset=utf8;

CREATE TABLE FacturaComponente (
  Id INT NOT NULL primary key, 
  NFactura INT, 
  CodComponente VARCHAR(20), 
  Referencia VARCHAR(255), 
  Cantidad INT, 
  PrecioAplicado FLOAT
) engine=innodb default charset=utf8;

CREATE TABLE Tienda (
  IdTienda INT NOT NULL primary key, 
  NombreTienda VARCHAR(255), 
  Direccion VARCHAR(255), 
  Localidad VARCHAR(255), 
  Telefono VARCHAR(30)
) engine=innodb default charset=utf8;

CREATE TABLE TipoComponente (
  CodTipo INT NOT NULL primary key, 
  Tipo VARCHAR(255)
) engine=innodb default charset=utf8;


--
-- Dumping data for table 'Componente'
--

INSERT INTO Componente (clave, descripcion, precio, CodTipo) VALUES ('ACER-C120', 'ACER C120 ( PROYECTOR )   P/N EY.JE001.001', 219, 55);
INSERT INTO Componente (clave, descripcion, precio, CodTipo) VALUES ('ACER-M1935-08', 'ACER ASPIRE M1935  INTEL I3 2130  / 4GB DDR3 / DISCO DURO 500GB/ REGRABADOR DVD DC / LAN 10-1', 429, 47);
INSERT INTO Componente (clave, descripcion, precio, CodTipo) VALUES ('ACER-M1935-16', 'ACER ASPIRE M1935  INTEL I5 2330S  ( 2.80 GHZ ) / 4GB DDR3 / DISCO DURO 500GB/ ATI RADEON HD735', 499, 47);
INSERT INTO Componente (clave, descripcion, precio, CodTipo) VALUES ('ACER-X111', 'ACER X111 ( PROYECTOR ) 2700 ANSI LUMENS    P/N MR.JFH11.001', 319, 55);
INSERT INTO Componente (clave, descripcion, precio, CodTipo) VALUES ('ACER-X1240', 'ACER X1240 ( PROYECTOR ) 2700 LUMENS /  3D  / XGA  P/N MR.JF211.003', 379, 55);
INSERT INTO Componente (clave, descripcion, precio, CodTipo) VALUES ('ACER-X2610G-0', 'ACER VERITON X2610G INTEL I5 2320 ( 3.00 GHZ ) / 4GB DDR3 / DISCO DURO 500GB / REGRABADOR DVD D', 549, 47);
INSERT INTO Componente (clave, descripcion, precio, CodTipo) VALUES ('ACER-X2611G-1', 'ACER VERITON X2611G INTEL I3 3220 / 4GB DDR3 / DISCO DURO 500GB / REGRABADOR DVD DC  / LAN 10-', 489, 47);
INSERT INTO Componente (clave, descripcion, precio, CodTipo) VALUES ('ACER-XC100-05', 'ACER ASPIRE XC100  AMD E1-1200 ( DUAL CORE ) ( 1.40 GHZ )/ 4 GB DDR3 / DISCO DURO 500GB/ NVID', 319, 47);
INSERT INTO Componente (clave, descripcion, precio, CodTipo) VALUES ('ACER-XC600-12', 'ACER ASPIRE XC600  INTEL DUAL CORE G645/ 6GB DDR3 / DISCO DURO 500GB/ REGRABADOR DVD D', 359, 47);
INSERT INTO Componente (clave, descripcion, precio, CodTipo) VALUES ('ACER-XC600-16', 'ACER ASPIRE XC600  INTEL DUAL CORE G645  ( 2.90 GHZ )  / 4GB DDR3 / DISCO DURO 500GB/ NVIDIA GE', 399, 47);
INSERT INTO Componente (clave, descripcion, precio, CodTipo) VALUES ('ADAP-2.5-3.5', 'ADAPTADOR DISCO DURO 2.5 A BAHIA 3.5  P/N 10.99.0001', 4, 75);
INSERT INTO Componente (clave, descripcion, precio, CodTipo) VALUES ('ADAP-DVI/VGA', 'ADAPTADOR DVI/VGA', 4, 69);
INSERT INTO Componente (clave, descripcion, precio, CodTipo) VALUES ('ADAP-SCART', 'ADAPTADOR SCART ( EUROCONECTOR-SVIDEO4+3RCA )  P/N 344326  EAN: 766623344326', 6, 9);
INSERT INTO Componente (clave, descripcion, precio, CodTipo) VALUES ('ALM-RA-REP-A', 'ALMOHADILLA RATON REPOSAMUÑECAS (AZUL)', 9, 57);
INSERT INTO Componente (clave, descripcion, precio, CodTipo) VALUES ('ALM-RA-REP-N', 'ALMOHADILLA RATON REPOSAMUÑECAS (NEGRO)  P/N 62384', 9, 57);
INSERT INTO Componente (clave, descripcion, precio, CodTipo) VALUES ('ALM-RATON', 'ALMOHADILLA RATON ( AZUL )', 1, 57);
INSERT INTO Componente (clave, descripcion, precio, CodTipo) VALUES ('ALT-LOG-LS11', 'ALTAVOCES LOGITECH LS11 2.0  ( 980-000046 )', 19, 1);
INSERT INTO Componente (clave, descripcion, precio, CodTipo) VALUES ('ALT-LOG-LS21', 'ALTAVOCES LOGITECH LS21 2.1  ( 980-000056 )', 25, 1);
INSERT INTO Componente (clave, descripcion, precio, CodTipo) VALUES ('ALT-LOG-MB-NB', 'ALTAVOCES LOGITECH MINI BOOMBOX ( NEGRO-BLANCO)  P/N 984-000212', 79, 1);
INSERT INTO Componente (clave, descripcion, precio, CodTipo) VALUES ('ALT-LOG-S120', 'ALTAVOCES LOGITECH S120 2.0 (NEGRO)  P/N 980-000010', 12, 1);
INSERT INTO Componente (clave, descripcion, precio, CodTipo) VALUES ('ALT-LOG-X140', 'ALTAVOCES LOGITECH X140  P/N 970264-0914', 25, 1);
INSERT INTO Componente (clave, descripcion, precio, CodTipo) VALUES ('ALT-LOG-Z110', 'ALTAVOCES LOGITECH Z110 (USB)  ( 980-000508)', 12, 1);
INSERT INTO Componente (clave, descripcion, precio, CodTipo) VALUES ('ALT-LOG-Z120', 'ALTAVOCES LOGITECH Z120  ( 980-000513)', 15, 1);
INSERT INTO Componente (clave, descripcion, precio, CodTipo) VALUES ('ALT-LOG-Z130', 'ALTAVOCES LOGITECH Z130  ( 980-000418)', 24, 1);
INSERT INTO Componente (clave, descripcion, precio, CodTipo) VALUES ('ALT-LOG-Z313', 'ALTAVOCES LOGITECH Z313 2.1   P/N 980-000413', 39, 1);
INSERT INTO Componente (clave, descripcion, precio, CodTipo) VALUES ('ALT-LOG-Z323', 'ALTAVOCES LOGITECH Z323  ( 980-000356)', 49, 1);
INSERT INTO Componente (clave, descripcion, precio, CodTipo) VALUES ('ALT-LOG-Z523', 'ALTAVOCES LOGITECH Z523  ( 980-000321)', 89, 1);
INSERT INTO Componente (clave, descripcion, precio, CodTipo) VALUES ('ALT-TA-SONOR', 'ALTAVOCES TACENS SONOR (6W) (USB)', 9, 1);
INSERT INTO Componente (clave, descripcion, precio, CodTipo) VALUES ('ANT-KA2013-1', 'ANTIVIRUS KASPERSKY 2013 (  1 USUARIO )  P/N KL1149SBAFS', 22, 63);
INSERT INTO Componente (clave, descripcion, precio, CodTipo) VALUES ('ANT-KA2013-3', 'ANTIVIRUS KASPERSKY 2013 (  3 USUARIOS )', 25, 63);
INSERT INTO Componente (clave, descripcion, precio, CodTipo) VALUES ('ANT-KAINT13-1', 'ANTIVIRUS KASPERSKY INTERNET SECURITY 2013 (  1 USUARIO )', 33, 63);
INSERT INTO Componente (clave, descripcion, precio, CodTipo) VALUES ('ANT-KAINT13-2', 'ANTIVIRUS KASPERSKY INTERNET SECURITY 2013 (  2 USUARIOS )', 39, 63);
INSERT INTO Componente (clave, descripcion, precio, CodTipo) VALUES ('ANT-KAINT13-3', 'ANTIVIRUS KASPERSKY INTERNET SECURITY 2013 (  3 USUARIOS )', 45, 63);
INSERT INTO Componente (clave, descripcion, precio, CodTipo) VALUES ('ANT-KAINT13-5', 'ANTIVIRUS KASPERSKY INTERNET SECURITY 2013 RENOVACION(  5 USUARIOS )', 49, 63);
INSERT INTO Componente (clave, descripcion, precio, CodTipo) VALUES ('ANT-MC-IN13-1', 'ANTIVIRUS MCAFEE INTERNET SECURITY 2013 ( 1 USUARIO )', 29, 63);
INSERT INTO Componente (clave, descripcion, precio, CodTipo) VALUES ('ANT-MC-IN13-3', 'ANTIVIRUS MCAFEE INTERNET SECURITY 2013 ( 3 USUARIOS )', 39, 63);
INSERT INTO Componente (clave, descripcion, precio, CodTipo) VALUES ('ANT-MC-PL13-1', 'ANTIVIRUS MCAFEE  PLUS 2013 ( 1 USUARIO )', 22, 63);
INSERT INTO Componente (clave, descripcion, precio, CodTipo) VALUES ('ANT-MC-PL13-3', 'ANTIVIRUS MCAFEE  PLUS 2013 ( 3 USUARIOS )', 29, 63);
INSERT INTO Componente (clave, descripcion, precio, CodTipo) VALUES ('ANT-MC-PLUS12', 'ANTIVIRUS MCAFEE PLUS 2012 ( 3 USUARIOS )', 19, 63);
INSERT INTO Componente (clave, descripcion, precio, CodTipo) VALUES ('ANT-NO-VI09-3', 'ANTIVIRUS NORTON 2009 ( 3 USUARIOS ) + NORTON GHOST 14.0  P/N 20010964', 8, 63);
INSERT INTO Componente (clave, descripcion, precio, CodTipo) VALUES ('ANT-NO-VI10-3', 'ANTIVIRUS NORTON 2010 ( 3 USUARIOS ) + NORTON UTILITIES  P/N 20049876', 10, 63);
INSERT INTO Componente (clave, descripcion, precio, CodTipo) VALUES ('ANT-NO-VI11-3', 'ANTIVIRUS NORTON 2011 ( 3 USUARIOS ) (SALDO)  P/N 21070640', 10, 63);
INSERT INTO Componente (clave, descripcion, precio, CodTipo) VALUES ('ANT-NO-VI12-3', 'ANTIVIRUS NORTON 2012 ( 3 USUARIOS ) (SALDO )  P/N 21196795', 12, 63);
INSERT INTO Componente (clave, descripcion, precio, CodTipo) VALUES ('ANT-NO-VI13-3', 'ANTIVIRUS NORTON 2013 ( 3 USUARIOS )   P/N 21247918', 19, 63);
INSERT INTO Componente (clave, descripcion, precio, CodTipo) VALUES ('ANT-PA-GL13-1', 'ANTIVIRUS PANDA GLOBAL PROTECCION 2013  ( 1 USUARIO )', 15, 63);
INSERT INTO Componente (clave, descripcion, precio, CodTipo) VALUES ('AS-EB1021-007', 'ASUS Eee Box EB1021 - Mini PC de sobremesa - 1 x E-450 1.65 GHz - RAM 2 GB - HDD 1 x 320 GB - Radeon HD', 392.9, 47);
INSERT INTO Componente (clave, descripcion, precio, CodTipo) VALUES ('AUR-EN-DJ300', 'AURICULAR ENERGY SISTEM DJ300 WHITE & GREY FREESTYLE  P/N 387083', 19, 1);
INSERT INTO Componente (clave, descripcion, precio, CodTipo) VALUES ('AUR-LOG-220', 'AURICULAR LOGITECH DIALOG 220 ( 980177-0000 )', 7, 1);
INSERT INTO Componente (clave, descripcion, precio, CodTipo) VALUES ('AUR-TR-18369', 'AURICULARES+MICROFONO  PARA SMARTPHONE TRUST IN-EAR HEADSET  Auriculares para smartphones c', 12, 62);
INSERT INTO Componente (clave, descripcion, precio, CodTipo) VALUES ('BLU-LG-BH12LS', 'BLU-RAY  LG BH12LS30 /BH10LS38B / BH14NS40 (NEGRO)', 79, 36);
INSERT INTO Componente (clave, descripcion, precio, CodTipo) VALUES ('BLU-LG-BP40NS', 'BLU-RAY  LG BP40NS20  (SLIM) (NEGRO)(USB)', 99, 36);
INSERT INTO Componente (clave, descripcion, precio, CodTipo) VALUES ('BLU-RE-MEM', 'BLUE-RAY -RE  (REGRABABLE ) MEMOREX  (25GB)', 2.9, 64);
INSERT INTO Componente (clave, descripcion, precio, CodTipo) VALUES ('BLU-R-P25-VE', 'BLUE-RAY -R VERBATIM BD-R (25GB) PACK 25 UNIDADES', 29, 64);
INSERT INTO Componente (clave, descripcion, precio, CodTipo) VALUES ('BLU-R-VERB', 'BLUE-RAY -R VERBATIM BD-R (25GB)', 1.9, 64);
INSERT INTO Componente (clave, descripcion, precio, CodTipo) VALUES ('BLU-TR-18187', 'BLUETOOTH 4.0 TRUST ( USB )  P/N 18187', 15, 19);
INSERT INTO Componente (clave, descripcion, precio, CodTipo) VALUES ('BLU-ZA-BLUEVS', 'BLUETOOTH ZAAPA MINI 2.1 10M. CLASE 2   P/N ZA-BLUEVS', 6, 19);
INSERT INTO Componente (clave, descripcion, precio, CodTipo) VALUES ('BOBINA-305-C5', 'BOBINA UTP  305M. ( CATEGORIA 5 )', 59, 9);
INSERT INTO Componente (clave, descripcion, precio, CodTipo) VALUES ('BOBINA-305-C6', 'BOBINA UTP 305M. ( CATEGORIA 6 )  P/N 10.20.0504', 99, 9);
INSERT INTO Componente (clave, descripcion, precio, CodTipo) VALUES ('BOLSA-501310', 'BOLSA 501310 PORT 7-10"', 12, 54);
INSERT INTO Componente (clave, descripcion, precio, CodTipo) VALUES ('BOLSA-BERL+RT', 'BOLSA NOTEBOOK 10"/11.6"/12" PORT BERLIN + RATON  P/N 501527', 19, 54);
INSERT INTO Componente (clave, descripcion, precio, CodTipo) VALUES ('BOLSA-CHIC2-N', 'BOLSA NOTEBOOK 15.4" PORT CHICAGO II (NEGRO)  P/N  100155', 19, 54);
INSERT INTO Componente (clave, descripcion, precio, CodTipo) VALUES ('BOLSA-EEEBA-P', 'BOLSA NOTEBOOK 7"-10"  PORT EEE BAG PETROL (NEGRO)  REF. 135002  EAN: 3567041350022', 15, 54);
INSERT INTO Componente (clave, descripcion, precio, CodTipo) VALUES ('BOLSA-NB700', 'BOLSA NOTEBOOK 17" LIFETECH NB700   P/N LFNBB004', 15, 54);
INSERT INTO Componente (clave, descripcion, precio, CodTipo) VALUES ('BOLSA-NB-EX-M', 'BOLSA NOTEBOOK 15.4" NB EXECUTIVE (MARRON) LIFETECH LFNBB008  P/N LFNBB008  EAN: 56003062007', 12, 54);
INSERT INTO Componente (clave, descripcion, precio, CodTipo) VALUES ('BOLSA-NB-EX-N', 'BOLSA NOTEBOOK 15.4" NB EXECUTIVE (NEGRO) LIFETECH LFNBB005  P/N LFNBB005  EAN: 560730600964', 12, 54);
INSERT INTO Componente (clave, descripcion, precio, CodTipo) VALUES ('BOLSA-PR1130', 'BOLSA PORTATIL PRO BASIC 1130 GIGAN 17"', 29, 54);
INSERT INTO Componente (clave, descripcion, precio, CodTipo) VALUES ('BOLSA-S17+', 'BOLSA NOTEBOOK 17" PORT S17+ CLASSIC  SEOUL', 20, 54);
INSERT INTO Componente (clave, descripcion, precio, CodTipo) VALUES ('BOLSA-SEOUL', 'BOLSA NOTEBOOK 15.4" / 15.6" / 16" PORT SEOUL  P/N 105078', 10, 54);
INSERT INTO Componente (clave, descripcion, precio, CodTipo) VALUES ('BOLSA-SKIN-NA', 'BOLSA NOTEBOOK 15.4" PORT SKIN (NARANJA)  P/N 140102', 8, 54);
INSERT INTO Componente (clave, descripcion, precio, CodTipo) VALUES ('BOLSA-SYSWER', 'BOLSA NOTEBOOK 15"/16" SYSWER  P/N 201127', 10, 54);
INSERT INTO Componente (clave, descripcion, precio, CodTipo) VALUES ('BOLSA-UN29M', 'BOLSA NOTEBOOK 15.6" + RATON OPTICAL TABUN29M ( TECH AIR )', 15, 54);
INSERT INTO Componente (clave, descripcion, precio, CodTipo) VALUES ('BOLSA-Z0105', 'BOLSA PARA NOTEBOOK 7"/10"  TECH AIR Z0105  P/N TANZ0105', 12, 54);
INSERT INTO Componente (clave, descripcion, precio, CodTipo) VALUES ('BOLSA-Z0113', 'BOLSA PARA NOTEBOOK 10"/11.6" ( MARRON)  TECH AIR Z0113  P/N TANZ0113', 12, 54);
INSERT INTO Componente (clave, descripcion, precio, CodTipo) VALUES ('BOLSA-Z0116', 'BOLSA PARA NOTEBOOK 10"/11.6" ( GRIS OSCURO)  TECH AIR Z0116  P/N TANZ0116', 12, 54);
INSERT INTO Componente (clave, descripcion, precio, CodTipo) VALUES ('BR-2840', 'BROTHER 2840 FAX ( LASER )', 189, 5);
INSERT INTO Componente (clave, descripcion, precio, CodTipo) VALUES ('BR-2845', 'BROTHER 2845 FAX ( LASER)', 209, 5);
INSERT INTO Componente (clave, descripcion, precio, CodTipo) VALUES ('BR-2940', 'BROTHER 2940 FAX ( LASER )', 259, 5);
INSERT INTO Componente (clave, descripcion, precio, CodTipo) VALUES ('BR-ADS2100', 'BROTHER ADS2100 ( ESCANER DOCUMENTAL )  Escáner de documentos a doble cara A4 color de alta velocida', 389, 28);
INSERT INTO Componente (clave, descripcion, precio, CodTipo) VALUES ('BR-ADS2600W', 'BROTHER ADS2600W WIFI/DUPLEX ( ESCANER DOCUMENTAL )  Escáner de documentos a doble cara A4 colo', 589, 28);
INSERT INTO Componente (clave, descripcion, precio, CodTipo) VALUES ('BR-DCP-197C', 'BROTHER DCP 197C ( IMPRESORA/ESCANER/COPIADORA)  GARANTIA DIRECTA FABRICANTE', 49, 3);
INSERT INTO Componente (clave, descripcion, precio, CodTipo) VALUES ('BR-DCP-7055', 'BROTHER DCP-7055 ( LASER)( IMPRESORA/COPIADORA/ESCANER)', 109, 2);
INSERT INTO Componente (clave, descripcion, precio, CodTipo) VALUES ('BR-DCP-7055W', 'BROTHER DCP-7055W ( WIFI )( IMPRESORA/COPIADORA/ESCANER)', 145, 2);
INSERT INTO Componente (clave, descripcion, precio, CodTipo) VALUES ('BR-DCP-7060D', 'BROTHER DCP-7060D ( DUPLEX)  ( IMPRESORA/COPIADORA/ESCANER)', 139, 2);
INSERT INTO Componente (clave, descripcion, precio, CodTipo) VALUES ('BR-DCP-7065DN', 'BROTHER DCP-7065DN ( IMPRESORA/COPIADORA/ESCANER)', 169, 2);
INSERT INTO Componente (clave, descripcion, precio, CodTipo) VALUES ('BR-DCP-8110DN', 'BROTHER DCP-8110DN (DUPLEX/RED) (  LASER  ) ( IMPRESORA /COPIADORA/ESCANER)  Impresora láser 36', 349, 2);
INSERT INTO Componente (clave, descripcion, precio, CodTipo) VALUES ('BR-DCP-9010CN', 'BROTHER DCP-9010CN ( LASER COLOR ) ( IMPRESORA /COPIADORA  /ESCANER)  Multifunción LED color: Im', 385, 7);
INSERT INTO Componente (clave, descripcion, precio, CodTipo) VALUES ('BR-DCP-J140W', 'BROTHER DCP J140W (WIFI) ( IMPRESORA/ESCANER/COPIADORA)  GARANTIA DIRECTA FABRICANTE', 59, 3);
INSERT INTO Componente (clave, descripcion, precio, CodTipo) VALUES ('BR-DCP-J315W', 'BROTHER DCP J315W ( WIFI) ( IMPRESORA/ESCANER/COPIADORA)  Impresora color (35 ppm monocromo y 2', 72, 3);
INSERT INTO Componente (clave, descripcion, precio, CodTipo) VALUES ('BR-DCP-J525W', 'BROTHER DCP J525W ( WIFI) ( IMPRESORA/ESCANER/COPIADORA)  Impresora color (10 ppm monocromo y 8', 89, 3);
INSERT INTO Componente (clave, descripcion, precio, CodTipo) VALUES ('BR-DCP-J725DW', 'BROTHER DCP J725W ( WIFI/DUPLEX) (IMPRESORA/ESCANER/   COPIADORA)  Impresora color (12 ppm mono', 109, 3);
INSERT INTO Componente (clave, descripcion, precio, CodTipo) VALUES ('BR-DCP-J925DW', 'BROTHER DCP J925W ( WIFI/DUPLEX) (IMPRESORA/ESCANER/   COPIADORA)  Impresora color (12 ppm mono', 129, 3);
INSERT INTO Componente (clave, descripcion, precio, CodTipo) VALUES ('BR-DS600', 'BROTHER DS600 ( ESCANER DOCUMENTAL )', 119, 28);
INSERT INTO Componente (clave, descripcion, precio, CodTipo) VALUES ('BR-DS700D', 'BROTHER DS700D  DUPLEX ( ESCANER DOCUMENTAL )', 189, 28);
INSERT INTO Componente (clave, descripcion, precio, CodTipo) VALUES ('BR-HL-2130', 'BROTHER HL-2130 ( LASER MONOCROMO )', 65, 6);
INSERT INTO Componente (clave, descripcion, precio, CodTipo) VALUES ('BR-HL-2135W', 'BROTHER HL-2135W (WIFI)  ( LASER MONOCROMO )  20 ppm, HQ1200, 16MB, GDI, con WiFi', 79, 6);
INSERT INTO Componente (clave, descripcion, precio, CodTipo) VALUES ('BR-HL-2240', 'BROTHER HL-2240  ( LASER MONOCROMO )', 95, 6);
INSERT INTO Componente (clave, descripcion, precio, CodTipo) VALUES ('BR-HL-2240D', 'BROTHER HL-2240D DUPLEX ( LASER MONOCROMO )  24 ppm, HQ1200, 8 MB, GDI, USB 2.0, con dúplex autom', 99, 6);
INSERT INTO Componente (clave, descripcion, precio, CodTipo) VALUES ('BR-HL-2250DN', 'BROTHER HL-2250DN', 129, 6);
INSERT INTO Componente (clave, descripcion, precio, CodTipo) VALUES ('BR-HL-2270DW', 'BROTHER HL-2270DW ( LASER ) ( DUPLEX / WIFI )', 159, 6);
INSERT INTO Componente (clave, descripcion, precio, CodTipo) VALUES ('BR-HL-3040CN', 'BROTHER HL-3040CN ( LASER COLOR )', 189, 4);
INSERT INTO Componente (clave, descripcion, precio, CodTipo) VALUES ('BR-HL-3070CW', 'BROTHER HL-3070CW LASER COLOR WIRELESS', 219, 4);
INSERT INTO Componente (clave, descripcion, precio, CodTipo) VALUES ('BR-HL-4140CN', 'BROTHER HL-4140CN ( LASER COLOR )', 299, 4);
INSERT INTO Componente (clave, descripcion, precio, CodTipo) VALUES ('BR-HL-4150CDN', 'BROTHER HL-4150CDN ( IMPRESORA LASER COLOR)', 329, 4);
INSERT INTO Componente (clave, descripcion, precio, CodTipo) VALUES ('BR-HL-5440D', 'BROTHER HL-5440D ( DUPLEX ) ( LASER MONOCROMO )  38ppm, 1200x1200 ppp, 64MB, PCL6, impresión a do', 189, 6);
INSERT INTO Componente (clave, descripcion, precio, CodTipo) VALUES ('BR-HL-5450DN', 'BROTHER HL-5450DN ( DUPLEX ) ( LASER MONOCROMO )  38ppm, 1200x1200 ppp, 64MB (<320 MB), PCL6, im', 199, 6);
INSERT INTO Componente (clave, descripcion, precio, CodTipo) VALUES ('BR-HL-5470DW', 'BROTHER HL-5470DW ( DUPLEX / WIFI ) ( LASER MONOCROMO )  38ppm, 1200x1200 ppp, 128MB (<348 MB),', 239, 6);
INSERT INTO Componente (clave, descripcion, precio, CodTipo) VALUES ('BR-HL-6180DW', 'BROTHER HL-6180DW  DUPLEX / WIFI ( LASER MONOCROMO )', 409, 6);
INSERT INTO Componente (clave, descripcion, precio, CodTipo) VALUES ('BR-MF-9460CDN', 'BROTHER MFC-9460CDN( LASER COLOR ) ( IMPRESORA / ESCANER / COPIADORA / FAX )', 569, 7);
INSERT INTO Componente (clave, descripcion, precio, CodTipo) VALUES ('BR-MF-9970CDW', 'BROTHER MFC-9970CDW( LASER COLOR ) ( IMPRESORA / ESCANER / COPIADORA / FAX )', 829, 7);
INSERT INTO Componente (clave, descripcion, precio, CodTipo) VALUES ('BR-MFC-7360N', 'BROTHER MFC 7360N ( LASER) (IMPRESORA/COPIADORA/  ESCANER/FAX)', 159, 2);
INSERT INTO Componente (clave, descripcion, precio, CodTipo) VALUES ('BR-MFC-7460DN', 'BROTHER MFC 7460DN ( LASER) (IMPRESORA/COPIADORA/  ESCANER/FAX)', 229, 2);
INSERT INTO Componente (clave, descripcion, precio, CodTipo) VALUES ('BR-MFC-7860DW', 'BROTHER MFC 7860DW ( LASER)(  DUPLEX / WIFI ) (IMPRESORA  /COPIADORA/ESCANER/FAX)', 279, 2);
INSERT INTO Componente (clave, descripcion, precio, CodTipo) VALUES ('BR-MFC-8510DN', 'BROTHER MFC-8510DN (LASER)  (IMPRESORA/ESCANER/COPIADORA/FAX)   Impresora láser 36ppm, Copiado', 419, 2);
INSERT INTO Componente (clave, descripcion, precio, CodTipo) VALUES ('BR-MFC-8520DN', 'BROTHER MFC-8520DN (LASER)  (IMPRESORA/ESCANER/COPIADORA/FAX)  Impresora láser 36ppm, Copiado', 489, 2);
INSERT INTO Componente (clave, descripcion, precio, CodTipo) VALUES ('BR-MFC-8950DW', 'BROTHER MFC-8950DW (LASER) (DUPLEX/WIFI) (IMPRESORA/ESCANER  /COPIADORA/FAX)  Impresora láse', 679, 2);
INSERT INTO Componente (clave, descripcion, precio, CodTipo) VALUES ('BR-MFC-9120CN', 'BROTHER MFC-9120CN( LASER COLOR ) ( IMPRESORA / ESCANER / COPIADORA / FAX )', 399, 7);
INSERT INTO Componente (clave, descripcion, precio, CodTipo) VALUES ('BR-MFC-9320CW', 'BROTHER MFC-9320CW( LASER COLOR ) ( IMPRESORA / ESCANER / COPIADORA / FAX )', 449, 7);
INSERT INTO Componente (clave, descripcion, precio, CodTipo) VALUES ('BR-MFC-J430W', 'BROTHER MFC  J430W  (WIFI)I(MULTIFUNCION) (IMPRESORA/ESCANER/  COPIADORA/FAX )', 89, 3);
INSERT INTO Componente (clave, descripcion, precio, CodTipo) VALUES ('BR-MFC-J625DW', 'BROTHER MFC  J625DW DUPLEX/WIFI  (MULTIFUNCION) (IMPRESORA/ESCANER/COPIADORA/FAX )', 119, 3);
INSERT INTO Componente (clave, descripcion, precio, CodTipo) VALUES ('BR-MFC-J825DW', 'BROTHER MFC  J825DW DUPLEX / WIFI (MULTIFUNCION) (IMPRESORA/ESCANER/COPIADORA/FAX )', 139, 3);
INSERT INTO Componente (clave, descripcion, precio, CodTipo) VALUES ('BR-MF-J4510DW', 'BROTHER MFC  J4510DW  (WIFI/DUPLEX) (IMPRESORA/COPIADORA  /ESCANER/FAX)', 179, 3);
INSERT INTO Componente (clave, descripcion, precio, CodTipo) VALUES ('BR-MF-J5910DW', 'BROTHER MFC  J5910DW A3  DUPLEX / WIFI (IMPRESORA/COPIADORA/  ESCANER/FAX)', 159, 3);
INSERT INTO Componente (clave, descripcion, precio, CodTipo) VALUES ('BR-MF-J6510DW', 'BROTHER MFC  J6510DW A3 DUPLEX / WIFI (MULTIFUNCION)(IMPRESORA/COPIADORA/ESCANER/FAX)', 199, 3);
INSERT INTO Componente (clave, descripcion, precio, CodTipo) VALUES ('BR-MF-J6710DW', 'BROTHER MFC  J6710DW A3 (IMPRESORA/COPIADORA/ESCANER/FAX)', 259, 3);
INSERT INTO Componente (clave, descripcion, precio, CodTipo) VALUES ('BR-MF-J6910DW', 'BROTHER MFC  J6910DW A3 (IMPRESORA/COPIADORA/ESCANER/FAX)', 299, 3);
INSERT INTO Componente (clave, descripcion, precio, CodTipo) VALUES ('BR-QL1050', 'BROTHER QL1050', 179, 8);
INSERT INTO Componente (clave, descripcion, precio, CodTipo) VALUES ('BR-QL-570', 'BROTHER QL-570', 72, 8);
INSERT INTO Componente (clave, descripcion, precio, CodTipo) VALUES ('BR-QL-700', 'BROTHER QL-700', 85, 8);
INSERT INTO Componente (clave, descripcion, precio, CodTipo) VALUES ('BR-QL-710W', 'BROTHER QL-710W (WIFI)', 115, 8);
INSERT INTO Componente (clave, descripcion, precio, CodTipo) VALUES ('BR-QL-720NW', 'BROTHER QL-720NW (WIFI)', 139, 8);
INSERT INTO Componente (clave, descripcion, precio, CodTipo) VALUES ('BR-T104', 'BROTHER T104 ( FAX )', 63, 5);
INSERT INTO Componente (clave, descripcion, precio, CodTipo) VALUES ('BR-T106', 'BROTHER T106 ( FAX )', 89, 5);
INSERT INTO Componente (clave, descripcion, precio, CodTipo) VALUES ('CAB-15M15M-10', 'CABLE 15M/15M 10M. ( BLINDADO )', 19, 9);
INSERT INTO Componente (clave, descripcion, precio, CodTipo) VALUES ('CAB-15M15M-15', 'CABLE 15M/15M 15M. ( BLINDADO )', 25, 9);
INSERT INTO Componente (clave, descripcion, precio, CodTipo) VALUES ('CAB-15M15M-1B', 'CABLE VGA 15M/15M ( BLINDADO ) 1.8 METROS', 6, 9);
INSERT INTO Componente (clave, descripcion, precio, CodTipo) VALUES ('CAB-15M15M-3B', 'CABLE VGA 15M/15M ( BLINDADO ) 3 METROS  P/N 10.15.0103', 9, 9);
INSERT INTO Componente (clave, descripcion, precio, CodTipo) VALUES ('CAB-15M15M-6B', 'CABLE VGA 15M/15M ( BLINDADO ) 6 METROS', 12, 9);
INSERT INTO Componente (clave, descripcion, precio, CodTipo) VALUES ('CAB-6M/6H', 'CABLE 6M/6H(ALARG. TECL. PS2)', 2, 9);
INSERT INTO Componente (clave, descripcion, precio, CodTipo) VALUES ('CAB-6M/6M', 'CABLE 6M/6M', 2, 9);
INSERT INTO Componente (clave, descripcion, precio, CodTipo) VALUES ('CAB-ALIM-2C', 'CABLE ALIMENTACION ( 2 CONECTORES )', 3, 9);
INSERT INTO Componente (clave, descripcion, precio, CodTipo) VALUES ('CAB-ALIME-CPU', 'CABLE ALIMENTACION CPU', 3, 9);
INSERT INTO Componente (clave, descripcion, precio, CodTipo) VALUES ('CAB-AUD/VI-1', 'CABLE AUDIO/VIDEO 1.8M.  ( S-VIDEO MALE / RCA SINGEL CINCH MALE )  EAN : 766623391160', 5, 9);
INSERT INTO Componente (clave, descripcion, precio, CodTipo) VALUES ('CAB-AUDIO-CD', 'CABLE AUDIO CD ROM', 1, 9);
INSERT INTO Componente (clave, descripcion, precio, CodTipo) VALUES ('CAB-CONV-SER', 'CABLE CONVERTIDOR ALIMENTACION SERIAL ATA', 2, 9);
INSERT INTO Componente (clave, descripcion, precio, CodTipo) VALUES ('CAB-DISQ', 'CABLE DISQUETERA', 2, 9);
INSERT INTO Componente (clave, descripcion, precio, CodTipo) VALUES ('CAB-DL-24CB06', 'CABLE ANTENA DLINK HDF-400 6M. ANT24-CB06N', 29, 58);
INSERT INTO Componente (clave, descripcion, precio, CodTipo) VALUES ('CAB-DVI/VGA-1', 'CABLE DVI/VGA 1.8M.  P/N 10.15.0402', 6, 9);
INSERT INTO Componente (clave, descripcion, precio, CodTipo) VALUES ('CAB-DVI-M/M', 'CABLE DVI MACHO-MACHO 1.8M.  P/N 10.15.0802', 6, 9);
INSERT INTO Componente (clave, descripcion, precio, CodTipo) VALUES ('CAB-DVI-M/M-3', 'CABLE DVI MACHO-MACHO 3M  P/N 10.15.0603', 7, 9);
INSERT INTO Componente (clave, descripcion, precio, CodTipo) VALUES ('CAB-EURO/RCA', 'CABLE EUROCONECTOR/RCA 1.5M.( SCART TO RCA CABLE / SCART MALE TO TRIPE CINCH 1.5M / 5 FT )', 19, 9);
INSERT INTO Componente (clave, descripcion, precio, CodTipo) VALUES ('CAB-HDMI/D-1', 'CABLE HDMI/DVI 1.8M.   P/N 10.15.0502', 6, 9);
INSERT INTO Componente (clave, descripcion, precio, CodTipo) VALUES ('CAB-HDMI/D-3', 'CABLE HDMI/DVI 3M.   P/N 10.15.0503', 7, 9);
INSERT INTO Componente (clave, descripcion, precio, CodTipo) VALUES ('CAB-HDMI/D-4', 'CABLE HDMI/DVI 4.5M.   HDMI 19PIN M TO DVI-D M, 15TF 4.5 M  EAN: 766623372527', 12, 9);
INSERT INTO Componente (clave, descripcion, precio, CodTipo) VALUES ('CAB-HDMI-1.8', 'CABLE HDMI V1.3 1.8M  P/N 10.15.0302  / 10.15.1102', 6, 9);
INSERT INTO Componente (clave, descripcion, precio, CodTipo) VALUES ('CAB-HDMI-10', 'CABLE HDMI  10M.', 19, 9);
INSERT INTO Componente (clave, descripcion, precio, CodTipo) VALUES ('CAB-HDMI-3', 'CABLE HDMI 3M.', 6, 9);
INSERT INTO Componente (clave, descripcion, precio, CodTipo) VALUES ('CAB-HDMI-5', 'CABLE HDMI 5M.  P/N CABLE-5503-5.0', 9, 9);
INSERT INTO Componente (clave, descripcion, precio, CodTipo) VALUES ('CAB-HDMI-7', 'CABLE HDMI 7M.  P/N 10.15.0307', 10, 9);
INSERT INTO Componente (clave, descripcion, precio, CodTipo) VALUES ('CAB-HDMI-MI-3', 'CABLE HDMI - MINI HDMI 3M  P/N 10.15.0903', 6, 9);
INSERT INTO Componente (clave, descripcion, precio, CodTipo) VALUES ('CAB-HDMI-MINI', 'CABLE HDMI - MINI HDMI 1.8M  P/N 10.15.0902', 6, 9);
INSERT INTO Componente (clave, descripcion, precio, CodTipo) VALUES ('CAB-IDE', 'CABLE IDE', 2, 9);
INSERT INTO Componente (clave, descripcion, precio, CodTipo) VALUES ('CAB-JACK-5', 'CABLE JACK 3.5 5M.', 4, 9);
INSERT INTO Componente (clave, descripcion, precio, CodTipo) VALUES ('CAB-KIT-D-USB', 'CABLES KIT PARA DATA DLINK  DKVM ( DKVM-CU )', 19, 9);
INSERT INTO Componente (clave, descripcion, precio, CodTipo) VALUES ('CAB-MONCPU', 'CABLE MONITOR-CPU', 3, 9);
INSERT INTO Componente (clave, descripcion, precio, CodTipo) VALUES ('CAB-PRO-2M', 'CABLE PROLONGACION CORRIENTE 2M.', 3, 9);
INSERT INTO Componente (clave, descripcion, precio, CodTipo) VALUES ('CAB-SEG-NO-CO', 'CABLE SEGURIDAD  PARA NOTEBOOK (COMBINACION)', 15, 9);
INSERT INTO Componente (clave, descripcion, precio, CodTipo) VALUES ('CAB-SERIAL-60', 'CABLE SERIAL ATA 60 CM.', 3, 9);
INSERT INTO Componente (clave, descripcion, precio, CodTipo) VALUES ('CAB-TR-16570', 'CABLE  USB CARGA TELEFONO MOVIL TRUST  CHARGE TIP PACK (PARA SAMSUNG,MOTOROLA ,LG )   P/N', 3, 9);
INSERT INTO Componente (clave, descripcion, precio, CodTipo) VALUES ('CAB-US2-1.8AB', 'CABLE USB 2.0  A-B 1.8M   P/N 10.01.0103-BK', 2, 9);
INSERT INTO Componente (clave, descripcion, precio, CodTipo) VALUES ('CAB-USB/PARA', 'CABLE USB A PARALELO', 24, 9);
INSERT INTO Componente (clave, descripcion, precio, CodTipo) VALUES ('CAB-USB/SERIE', 'CABLE USB A SERIE', 19, 9);
INSERT INTO Componente (clave, descripcion, precio, CodTipo) VALUES ('CAB-USB2-1-AL', 'CABLE USB 2.0  1.8 M. ALARGADOR  P/N 10.01.0203 / 10.01.203BK', 2, 9);
INSERT INTO Componente (clave, descripcion, precio, CodTipo) VALUES ('CAB-USB2-3AB', 'CABLE USB 2.0 AB 3M.  P/N 10.01.0104', 3, 9);
INSERT INTO Componente (clave, descripcion, precio, CodTipo) VALUES ('CAB-USB2-3-AL', 'CABLE USB 2.0  3 M. ALARGADOR  P/N 10.01.2004', 3, 9);
INSERT INTO Componente (clave, descripcion, precio, CodTipo) VALUES ('CAB-USB2-4AB', 'CABLE USB 2.0 AB 4.5M.  P/N 10.01.0105', 4, 9);
INSERT INTO Componente (clave, descripcion, precio, CodTipo) VALUES ('CAB-USB2-5-AR', 'CABLE USB 2.0  5 M. ALARGADOR CON REPETIDOR  P/N 10.01.0211', 15, 9);
INSERT INTO Componente (clave, descripcion, precio, CodTipo) VALUES ('CAB-USB2-M1.8', 'CABLE USB2.0 MICRO 1.8M M/M  P/N 10.01.05013,00', 3, 9);
INSERT INTO Componente (clave, descripcion, precio, CodTipo) VALUES ('CAB-USB3-AB-2', 'CABLE USB 3.0  M-M A/B  2M.  Cable USB 3.0 con conector tipo A(USB 3.0, 9Pin) macho en un extremo y tipo B(U6,00', 6, 9);
INSERT INTO Componente (clave, descripcion, precio, CodTipo) VALUES ('CAB-USBX2PS2', 'CABLE USB / 2 PS26,00', 6, 9);
INSERT INTO Componente (clave, descripcion, precio, CodTipo) VALUES ('CAB-UTP-0.50', 'CABLE UTP 0.50 M. ( CAT. 5 )1,50', 1.5, 9);
INSERT INTO Componente (clave, descripcion, precio, CodTipo) VALUES ('CAB-UTP-1', 'CABLE UTP 1M.  ( CAT. 5 )2,00', 2, 9);
INSERT INTO Componente (clave, descripcion, precio, CodTipo) VALUES ('CAB-UTP-10', 'CABLE UTP 10M. ( CAT. 5)8,00', 8, 9);
INSERT INTO Componente (clave, descripcion, precio, CodTipo) VALUES ('CAB-UTP-15', 'CABLE UTP 15M (CAT. 5 )  P/N 10.20.011510,00', 10, 9);
INSERT INTO Componente (clave, descripcion, precio, CodTipo) VALUES ('CAB-UTP-2', 'CABLE UTP 2M. ( CAT.5 )2,00', 2, 9);
INSERT INTO Componente (clave, descripcion, precio, CodTipo) VALUES ('CAB-UTP-3', 'CABLE UTP 3M. ( CAT.5)4,00', 4, 9);
INSERT INTO Componente (clave, descripcion, precio, CodTipo) VALUES ('CAB-UTP-5', 'CABLE UTP 5M.  ( CAT. 5 )5,00', 5, 9);
INSERT INTO Componente (clave, descripcion, precio, CodTipo) VALUES ('CAB-UTP-C6-10', 'CABLE UTP 10M. ( CAT.6 )10,00', 10, 9);
INSERT INTO Componente (clave, descripcion, precio, CodTipo) VALUES ('CAB-UTP-C6-15', 'CABLE UTP 15M. ( CAT.6 )12,00', 12, 9);
INSERT INTO Componente (clave, descripcion, precio, CodTipo) VALUES ('CAB-UTP-C6-2', 'CABLE UTP 2M. ( CAT.6 )  P/N 10.20.04023,00', 3, 9);
INSERT INTO Componente (clave, descripcion, precio, CodTipo) VALUES ('CAB-UTP-C6-5', 'CABLE UTP 5M. ( CAT.6 )  P/N 10.20.04057,00', 7, 9);
INSERT INTO Componente (clave, descripcion, precio, CodTipo) VALUES ('CAJA-10350002', 'CAJA PARED NANOCABLE VGA / JACK 3.5 / USB2.0 / 3 RCA   P/N 10.35.0002', 29, 56);
INSERT INTO Componente (clave, descripcion, precio, CodTipo) VALUES ('CAJA-CN330', 'CAJA SITECOM CN330 IDE/SATA 2.5 "/ 3.5"( USB 2.0 )  EAN: 8716502012282', 29, 75);
INSERT INTO Componente (clave, descripcion, precio, CodTipo) VALUES ('CAJA-TA-5VE-L', 'CAJA TACENS VECTRIX II LUX 2.5 SATA  USB 3.0  P/N 5VECTRIXII2.5LUXBK', 24, 75);
INSERT INTO Componente (clave, descripcion, precio, CodTipo) VALUES ('CAJA-TQE2502', 'CAJA EXTERNA 2.5" TOOQ TQE-2502  ( SATA ) ( USB )', 9, 75);
INSERT INTO Componente (clave, descripcion, precio, CodTipo) VALUES ('CAJA-TQE2512', 'CAJA EXTERNA 2.5" TOOQ TQE-2512  ( IDE / SATA ) ( USB )', 12, 75);
INSERT INTO Componente (clave, descripcion, precio, CodTipo) VALUES ('CAJA-TQE3509B', 'CAJA EXTERNA 3.5" TOOQ TQE-3509B  (  SATA ) ( USB )', 19, 75);
INSERT INTO Componente (clave, descripcion, precio, CodTipo) VALUES ('CAJA-TQE3518', 'CAJA EXTERNA 3.5" TOOQ TQE-3518  ( IDE / SATA / SATA2 / SATA3  ) ( USB 2.0 )', 22, 75);
INSERT INTO Componente (clave, descripcion, precio, CodTipo) VALUES ('CAJA-TQE3520', 'CAJA EXTERNA 3.5" TOOQ TQE-3520 ( IDE / SATA / SATA2 / SATA3 ) ( USB  2.0 )', 22, 75);
INSERT INTO Componente (clave, descripcion, precio, CodTipo) VALUES ('CAJA-TQE3526B', 'CAJA EXTERNA 3.5" TOOQ TQE-3526B  (  SATA / SATA2 / SATA3) ( USB 3.0 )', 24, 75);
INSERT INTO Componente (clave, descripcion, precio, CodTipo) VALUES ('CAJA-ZA-3550S', 'CAJA EXTERNA 3.5" ZAAPA DATASTOR EB3550S ( SATA ) ( USB )  P/N DT-EB3550S', 12, 75);
INSERT INTO Componente (clave, descripcion, precio, CodTipo) VALUES ('CAJON-EC410-N', 'CAJON PORTAMONEDAS 41CM EC-410/V-4141/HS-410  ( NEGRO )', 49, 71);
INSERT INTO Componente (clave, descripcion, precio, CodTipo) VALUES ('CAM-IP-3171', 'CAMARA IP DE VIGILANCIA  TP-LINK TL-SC3171  ( DINURNA / NOCTURNA )', 89, 12);
INSERT INTO Componente (clave, descripcion, precio, CodTipo) VALUES ('CAM-IP-3171G', 'CAMARA IP TP-LINK TL-SC3171G WIRELESS 54G VISION NOCTURNA', 109, 12);
INSERT INTO Componente (clave, descripcion, precio, CodTipo) VALUES ('CAM-IP-DCS930', 'CAMARA IP D-LINK DCS-930', 79, 58);
INSERT INTO Componente (clave, descripcion, precio, CodTipo) VALUES ('CAM-SO-710-N', 'CAMARA SONY KW710 ( NEGRO ) 16.1MPX / 5X / LCD 2.7"  ( VIENE CON BOLSA Y MEMORIA SD 8GB )   P/N D', 85, 11);
INSERT INTO Componente (clave, descripcion, precio, CodTipo) VALUES ('CAM-SO-710-P', 'CAMARA SONY KW710 ( PLATA ) 16.1MPX / 5X / LCD 2.7"  ( VIENE CON BOLSA Y MEMORIA SD 8GB )   P/N D', 85, 11);
INSERT INTO Componente (clave, descripcion, precio, CodTipo) VALUES ('CAM-SO-710-R', 'CAMARA SONY KW710 ( ROSA ) 16.1MPX / 5X / LCD 2.7"  ( VIENE CON BOLSA Y MEMORIA SD 8GB )   P/N DW', 85, 11);
INSERT INTO Componente (clave, descripcion, precio, CodTipo) VALUES ('CAM-W-L-C170', 'CAMARA WEB LOGITECH C170  ( P/N 960-000759 )', 18, 12);
INSERT INTO Componente (clave, descripcion, precio, CodTipo) VALUES ('CAM-W-L-C270', 'CAMARA WEB LOGITECH C270( 960-000582 )', 29, 12);
INSERT INTO Componente (clave, descripcion, precio, CodTipo) VALUES ('CAM-W-L-C310', 'CAMARA WEB LOGITECH C310  ( 960-000586 )', 39, 12);
INSERT INTO Componente (clave, descripcion, precio, CodTipo) VALUES ('CAM-W-L-C525', 'CAMARA WEB LOGITECH C525  ( 960-000721 )', 45, 12);
INSERT INTO Componente (clave, descripcion, precio, CodTipo) VALUES ('CAM-W-L-C615', 'CAMARA WEB HD LOGITECH C615  ( 960-000735 )', 79, 12);
INSERT INTO Componente (clave, descripcion, precio, CodTipo) VALUES ('CAM-W-L-C920', 'CAMARA WEB HD PRO LOGITECH C920   ( 960-000767 )', 99, 12);
INSERT INTO Componente (clave, descripcion, precio, CodTipo) VALUES ('CANON-MG2150', 'CANON MG2150 ( IMPRESORA/ESCANER/COPIADORA)  P/N 5288B006', 39, 13);
INSERT INTO Componente (clave, descripcion, precio, CodTipo) VALUES ('CANON-MG3150', 'CANON MG3150 (WIFI) ( IMPRESORA/ESCANER/COPIADORA)  P/N 5289B006AA', 65, 13);
INSERT INTO Componente (clave, descripcion, precio, CodTipo) VALUES ('CANON-MG5450', 'CANON MG5450 (WIFI)(DUPLEX) ( IMPRESORA/ESCANER/COPIADORA)( IMPRIME SOBRE CD/DVD )  P/N 622', 119, 13);
INSERT INTO Componente (clave, descripcion, precio, CodTipo) VALUES ('CANON-MP230', 'CANON MP230 ( IMPRESORA/ESCANER/COPIADORA)  P/N  6220B009', 39, 13);
INSERT INTO Componente (clave, descripcion, precio, CodTipo) VALUES ('CANON-MP280', 'CANON MP280 ( IMPRESORA/ESCANER/COPIADORA)', 39, 13);
INSERT INTO Componente (clave, descripcion, precio, CodTipo) VALUES ('CANON-MX375', 'CANON MX375 ( IMPRESORA/ESCANER/COPIADORA/FAX)  P/N 5781B010', 49, 13);
INSERT INTO Componente (clave, descripcion, precio, CodTipo) VALUES ('CANON-MX435', 'CANON MX435 (WIFI) ( IMPRESORA/ESCANER/COPIADORA/FAX)  P/N 5783B010AA', 72, 13);
INSERT INTO Componente (clave, descripcion, precio, CodTipo) VALUES ('CARG-PD-HP-C', 'CARGADOR DE COCHE PARA PDA HP IPAQ ( FA690#AC3 )', 15, 75);
INSERT INTO Componente (clave, descripcion, precio, CodTipo) VALUES ('CARG-TR-120W', 'CARGADOR TRUST 120W  ( PARA COCHE )  P/N 15822', 29, 54);
INSERT INTO Componente (clave, descripcion, precio, CodTipo) VALUES ('CARG-TR-65W', 'CARGADOR TRUST 65W NETBOOK  P/N 16665', 25, 54);
INSERT INTO Componente (clave, descripcion, precio, CodTipo) VALUES ('CARG-TR-90W', 'CARGADOR TRUST 90W NOTEBOOK  P/N 17566', 29, 54);
INSERT INTO Componente (clave, descripcion, precio, CodTipo) VALUES ('CARG-TR-P-70W', 'CARGADOR TRUST 70W PRIMO NOTEBOOK  P/N 17259', 25, 54);
INSERT INTO Componente (clave, descripcion, precio, CodTipo) VALUES ('CARG-USB-KO', 'CARGADOR USB KONIG', 9, 75);
INSERT INTO Componente (clave, descripcion, precio, CodTipo) VALUES ('CARRO-LA-M32V', 'CARRO PORTATIL LAPCABBY MIN 32 UNID. VERTICAL', 1200, 54);
INSERT INTO Componente (clave, descripcion, precio, CodTipo) VALUES ('CD-700-VER-I', 'CD-R  700MB. 80MIN. VERBATIM ( IMPRIMIBLE )', .6, 64);
INSERT INTO Componente (clave, descripcion, precio, CodTipo) VALUES ('CD-PAC-25-V', 'CD PACK 25 CD,S VERBATIM  P/N 43352', 6.9, 64);
INSERT INTO Componente (clave, descripcion, precio, CodTipo) VALUES ('CD-PAC-25-V-I', 'CD PACK 25 CD,S IMPRIMIBLE VERBATIM   P/N 43439', 6.9, 64);
INSERT INTO Componente (clave, descripcion, precio, CodTipo) VALUES ('CD-PACK-10-M', 'CD PACK 10 CD,S MEMOREX   P/N M00283', 3.5, 64);
INSERT INTO Componente (clave, descripcion, precio, CodTipo) VALUES ('CD-PACK-10-V', 'CD PACK 10 CD,S VERBATIM   P/N 43429', 3.5, 64);
INSERT INTO Componente (clave, descripcion, precio, CodTipo) VALUES ('CD-PACK-25-M', 'CD PACK 25 CD,S MEMOREX   P/N M00284', 6.9, 64);
INSERT INTO Componente (clave, descripcion, precio, CodTipo) VALUES ('CD-PACK-50-V', 'CD PACK 50 CD,S VERBATIM   P/N 43343', 12.9, 64);
INSERT INTO Componente (clave, descripcion, precio, CodTipo) VALUES ('CD-RW-VERB', 'CD RW VERBATIM', .7, 64);
INSERT INTO Componente (clave, descripcion, precio, CodTipo) VALUES ('CD-VIRG-700-M', 'CD-R  700MB. 80MIN. MEMOREX', .5, 64);
INSERT INTO Componente (clave, descripcion, precio, CodTipo) VALUES ('CD-VIRG-700-V', 'CD-R  700MB. 80MIN. VERBATIM', .5, 64);
INSERT INTO Componente (clave, descripcion, precio, CodTipo) VALUES ('CONFIG1', 'CONFIGURACION 1:  INTEL CORE DUO G645 (2.90 GHZ)/ 4 GB DDR3 1333 MHZ/ DISCO DURO 500 GB SATA-3', 339, 48);
INSERT INTO Componente (clave, descripcion, precio, CodTipo) VALUES ('CONFIG2', 'CONFIGURACION 2: INTEL I3 3220  (3.30 GHZ) / VGA GEFORCE GT610  1 GB/4 GIGAS DDR3  1333 MHZ/DISC', 439, 48);
INSERT INTO Componente (clave, descripcion, precio, CodTipo) VALUES ('CONFIG3', 'CONFIGURACION 3: INTEL I5 3450  3.10 GHZ./ 8 GIGAS DDR3 1600 MHZ/VGA GEFORCE GT610 1GB /DISCO D', 539, 48);
INSERT INTO Componente (clave, descripcion, precio, CodTipo) VALUES ('CONFIG4', 'CONFIGURACION 4: PLACA BASE ASUS P8Z77-V LX2 / INTEL I7 3770 3.40 GHZ./ 8 GIGAS DDR3 1600 MHZ/VG', 829, 48);
INSERT INTO Componente (clave, descripcion, precio, CodTipo) VALUES ('CONPLUSPR12', 'CONTAPLUS PROFESIONAL 2012', 229, 63);
INSERT INTO Componente (clave, descripcion, precio, CodTipo) VALUES ('CONTR-IDE-2-P', 'CONTROLADORA IDE 2 PUERTOS  (PCI)', 28, 19);
INSERT INTO Componente (clave, descripcion, precio, CodTipo) VALUES ('CONTR-USB3-PE', 'CONTROLADORA USB 3.0  ( 2 PUERTOS ) ( PCI-EXPRESS ) ENERGY SYSTEM  P/N 776658', 19, 19);
INSERT INTO Componente (clave, descripcion, precio, CodTipo) VALUES ('CON-U3S6-PE-A', 'CONTROLADORA ASUS U3S6 USB 3.0 Y SATA 3  (2 PUERTOS )  P/N U3S6', 39, 19);
INSERT INTO Componente (clave, descripcion, precio, CodTipo) VALUES ('DAT-4MM-120-4', 'DAT 4MM. 120M. (DDS2) (C5707A)', 4, 20);
INSERT INTO Componente (clave, descripcion, precio, CodTipo) VALUES ('DAT-4MM-90', 'DAT 4MM. 90M. (DDS1) (C5706A)', 3, 20);
INSERT INTO Componente (clave, descripcion, precio, CodTipo) VALUES ('DATA-DKVM-4K', 'DATA SWITH DLINK DKVM-4K 4X1 MONITOR/TECLADO/RATON', 59, 75);
INSERT INTO Componente (clave, descripcion, precio, CodTipo) VALUES ('DATA-DKVM-8E', 'DATA SWITH DLINK DKVM-8E 8X1 MONITOR/TECLADO/RATON', 259, 75);
INSERT INTO Componente (clave, descripcion, precio, CodTipo) VALUES ('DC6000-LIMP', 'DC6000 LIMPIADOR 3M  51111 43032', 29, 20);
INSERT INTO Componente (clave, descripcion, precio, CodTipo) VALUES ('D-D2-2GB-667K', 'DIMM DDR2 2GB. 667MHZ KINGSTON(KVR667D2N5/2G)', 36, 38);
INSERT INTO Componente (clave, descripcion, precio, CodTipo) VALUES ('D-D2-2GB-800K', 'DIMM DDR2 2GB. 800MHZ KINGSTON(KVR800D2N6/2G)(KVR800D2N5/2G)', 34, 38);
INSERT INTO Componente (clave, descripcion, precio, CodTipo) VALUES ('D-D3-2G-1333K', 'DIMM DDR3 2GB. 1333 MHZ. KINGSTON(KVR1333D3N9/2G)(KVR1333D3S8N9/2G)(KHX1333C9D3B1/2G)', 14, 38);
INSERT INTO Componente (clave, descripcion, precio, CodTipo) VALUES ('D-D3-4G-1333K', 'DIMM DDR3 4GB. 1333 MHZ. KINGSTON( KVR1333D3N9/4G  /  KVR13N9S8H/4 )', 26, 38);
INSERT INTO Componente (clave, descripcion, precio, CodTipo) VALUES ('D-D3-4G-1600K', 'DIMM DDR3 4GB. 1600 MHZ.   KINGSTON', 30, 38);
INSERT INTO Componente (clave, descripcion, precio, CodTipo) VALUES ('D-D3-8G-1333K', 'DIMM DDR3 8GB. 1333 MHZ. KINGSTON', 56, 38);
INSERT INTO Componente (clave, descripcion, precio, CodTipo) VALUES ('D-D3-8G-1600K', 'DIMM DDR3 8GB. 1600 MHZ. KINGSTON', 59, 38);
INSERT INTO Componente (clave, descripcion, precio, CodTipo) VALUES ('DI-1GB-P-D667', 'SODIMM 1GB. PORTATIL DDR2  667MHZ  P/N KVR667D2S5/1G', 20, 38);
INSERT INTO Componente (clave, descripcion, precio, CodTipo) VALUES ('DI-2GB-P-1333', 'SODIMM 2GB. PORTATIL DDR3  1333MHZ  P/N KVR1333D3S9/2G', 15, 38);
INSERT INTO Componente (clave, descripcion, precio, CodTipo) VALUES ('DI-2GB-P-D667', 'SODIMM 2GB. PORTATIL DDR2  667MHZ', 40, 38);
INSERT INTO Componente (clave, descripcion, precio, CodTipo) VALUES ('DI-4GB-P-1333', 'SODIMM 4GB. PORTATIL DDR3  1333MHZ 4 GIGAS ( KINGSTON / PATRIOT  )', 30, 38);
INSERT INTO Componente (clave, descripcion, precio, CodTipo) VALUES ('DI-4GB-P-1600', 'SODIMM 4GB. PORTATIL DDR3  1600MHZ', 30, 38);
INSERT INTO Componente (clave, descripcion, precio, CodTipo) VALUES ('DI-8GB-P-1333', 'SODIMM 8GB. PORTATIL DDR3  1333MHZ', 60, 38);
INSERT INTO Componente (clave, descripcion, precio, CodTipo) VALUES ('DI-8GB-P-1600', 'SODIMM 8GB. PORTATIL DDR3  1600MHZ', 60, 38);
INSERT INTO Componente (clave, descripcion, precio, CodTipo) VALUES ('DI-D-1GB-40-K', 'DIMM DDR 1GB. PC400 (CORSAIR / CRUCIAL / PATRIOT )   P/N VS1GB400C3 / CT1286Z40B / PSD1G400', 25, 38);
INSERT INTO Componente (clave, descripcion, precio, CodTipo) VALUES ('DK-1.44F-VERB', 'DISKETTES VERBATIM 3 1/2', .3, 64);
INSERT INTO Componente (clave, descripcion, precio, CodTipo) VALUES ('DLT-C7980A', 'DLT C7980A HP 220GB / 320GB', 65, 20);
INSERT INTO Componente (clave, descripcion, precio, CodTipo) VALUES ('DLT-LIM-C5142', 'DLT LIMPIEZA C5142A HP', 36, 20);
INSERT INTO Componente (clave, descripcion, precio, CodTipo) VALUES ('DLT-LIM-C7982', 'DLT LIMPIEZA C7982A HP', 45, 20);
INSERT INTO Componente (clave, descripcion, precio, CodTipo) VALUES ('DRIVE-3.5', 'DISQUETERA 3.5 HD 1.44MB. ( BLANCA )', 5, 24);
INSERT INTO Componente (clave, descripcion, precio, CodTipo) VALUES ('DVD+P+10+L+V', 'DVD PACK 10 +R LIGHTSCRIBE VERBATIM  P/N 43576', 4.5, 64);
INSERT INTO Componente (clave, descripcion, precio, CodTipo) VALUES ('DVD+P+10+VER', 'DVD PACK 10 +R VERBATIM   P/N 43498', 3.5, 64);
INSERT INTO Componente (clave, descripcion, precio, CodTipo) VALUES ('DVD+P+25+VER', 'DVD PACK 25  +R VERBATIM   P/N 43500', 7.9, 64);
INSERT INTO Componente (clave, descripcion, precio, CodTipo) VALUES ('DVD+P+25-V+I', 'DVD PACK 25  +R  IMPRIMIBLE VERBATIM  P/N 43539', 7.9, 64);
INSERT INTO Componente (clave, descripcion, precio, CodTipo) VALUES ('DVD+P+50+-V+I', 'DVD PACK 50  +R  IMPRIMIBLE VERBATIM  P/N 43512', 19, 64);
INSERT INTO Componente (clave, descripcion, precio, CodTipo) VALUES ('DVD+P+50+VER', 'DVD PACK 50  +R VERBATIM   P/N 43550', 14.9, 64);
INSERT INTO Componente (clave, descripcion, precio, CodTipo) VALUES ('DVD+P10+DC+M', 'DVD PACK 10 +R DOBLE CAPA MEMOREX   P/N M00611', 11.9, 64);
INSERT INTO Componente (clave, descripcion, precio, CodTipo) VALUES ('DVD+P10+DC+V', 'DVD PACK 10 +R DOBLE CAPA VERBATIM   P/N 43666', 11.9, 64);
INSERT INTO Componente (clave, descripcion, precio, CodTipo) VALUES ('DVD+P25+DC+V', 'DVD PACK  DVD+R DOBLE CAPA  VERBATIM  P/N 43757', 29, 64);
INSERT INTO Componente (clave, descripcion, precio, CodTipo) VALUES ('DVD+P25I+DC+V', 'DVD PACK 25 +R DOBLE CAPA IMPRIMIBLE VERBATIM  P/N 43667', 29, 64);
INSERT INTO Componente (clave, descripcion, precio, CodTipo) VALUES ('DVD+R+DC+VER', 'DVD+R DOBLE CAPA VERBATIM X2,4 8,50 GB.', 1.6, 64);
INSERT INTO Componente (clave, descripcion, precio, CodTipo) VALUES ('DVD+R+VERB', 'DVD+R VERBATIM', .6, 64);
INSERT INTO Componente (clave, descripcion, precio, CodTipo) VALUES ('DVD+RW+P10+V', 'DVD PACK 10 +RW VERBATIM  P/N 43488', 5.9, 64);
INSERT INTO Componente (clave, descripcion, precio, CodTipo) VALUES ('DVD+RW+VERB', 'DVD +RW VERBATIM', .9, 64);
INSERT INTO Componente (clave, descripcion, precio, CodTipo) VALUES ('DVD-LI-5045GD', 'DVD SOBREMESA GRABADOR LITEON LVW-5045 DIVX/DISCO DURO 160GB.  ( PRODUCTO EN LIQUIDACION', 72, 25);
INSERT INTO Componente (clave, descripcion, precio, CodTipo) VALUES ('DVD-P-10-L-V', 'DVD PACK 10 -R LIGHTSCRIBE VERBATIM  P/N 43643', 4.5, 64);
INSERT INTO Componente (clave, descripcion, precio, CodTipo) VALUES ('DVD-P-10-MEM', 'DVD PACK 10  -R MEMOREX  P/N M00574', 3.5, 64);
INSERT INTO Componente (clave, descripcion, precio, CodTipo) VALUES ('DVD-P-10-VERB', 'DVD PACK 10  -R VERBATIM  P/N 43523', 3.5, 64);
INSERT INTO Componente (clave, descripcion, precio, CodTipo) VALUES ('DVD-P-25-V-I', 'DVD PACK 25  -R  IMPRIMIBLE VERBATIM  P/N 43538', 7.9, 64);
INSERT INTO Componente (clave, descripcion, precio, CodTipo) VALUES ('DVD-P-50-V-I', 'DVD PACK 50  -R  IMPRIMIBLE VERBATIM  P/N 43533', 16.9, 64);
INSERT INTO Componente (clave, descripcion, precio, CodTipo) VALUES ('DVD-RED-DVP7X', 'DVD TFT 7" DIVX  REDBELL DVP7XN ( PRODUCTO EN LIQUIDACION)', 39, 25);
INSERT INTO Componente (clave, descripcion, precio, CodTipo) VALUES ('DVD-RG-S222', 'REGRABADOR DVD SATA SAMSUNG S222 (NEGRO)', 18, 36);
INSERT INTO Componente (clave, descripcion, precio, CodTipo) VALUES ('DVD-RG-SE208N', 'REGRABADOR DVD SAMSUNG SE208 (NEGRO)(USB)  MODEL: SE-208AB/TSBS', 35, 36);
INSERT INTO Componente (clave, descripcion, precio, CodTipo) VALUES ('DVD-R-MINI-VE', 'DVD-R MINI 8CM 1.4GB VERBATIM', 1, 64);
INSERT INTO Componente (clave, descripcion, precio, CodTipo) VALUES ('DVD-R-VERB', 'DVD-R VERBATIM', .6, 64);
INSERT INTO Componente (clave, descripcion, precio, CodTipo) VALUES ('DVD-R-VERB-I', 'DVD-R VERBATIM IMPRIMIBLE', .6, 64);
INSERT INTO Componente (clave, descripcion, precio, CodTipo) VALUES ('DVD-RW-VER', 'DVD - RW VERBATIM', 1, 64);
INSERT INTO Componente (clave, descripcion, precio, CodTipo) VALUES ('EPS-BX305F', 'EPSON STYLUS OFFICE BX305F ( IMPRESORA/ESCANER/COPIADORA/FAX)', 59, 27);
INSERT INTO Componente (clave, descripcion, precio, CodTipo) VALUES ('EPS-EB425W', 'EPSON EB-425W ( PROYECTOR )  P/N V11H448040LE', 1090, 55);
INSERT INTO Componente (clave, descripcion, precio, CodTipo) VALUES ('EPS-EB450WI', 'EPSON EB-450WI ( PROYECTOR MULTIMEDIA )', 1490, 55);
INSERT INTO Componente (clave, descripcion, precio, CodTipo) VALUES ('EPS-EB475WI', 'EPSON EB-475WI ( PROYECTOR INTERACTIVO )', 1700, 55);
INSERT INTO Componente (clave, descripcion, precio, CodTipo) VALUES ('EPS-LQ300+II', 'EPSON LQ300+ II (USB/PARALELO/SERIE)  ( C11C638001)  GARANTIA DIRECTA CON FABRICANTE', 275, 27);
INSERT INTO Componente (clave, descripcion, precio, CodTipo) VALUES ('EPS-LX300+II', 'EPSON LX300+ II (USB/PARALELO/SERIE)  ( C11C640041)  GARANTIA DIRECTA CON FABRICANTE', 249, 27);
INSERT INTO Componente (clave, descripcion, precio, CodTipo) VALUES ('EPSON-WF7015', 'EPSON WORKFORCE WF-7015  P/N C11CB59302', 159, 26);
INSERT INTO Componente (clave, descripcion, precio, CodTipo) VALUES ('EPS-PER-V500P', 'EPSON PERFECTION V500 PHOTO  P/N B11B189032', 199, 28);
INSERT INTO Componente (clave, descripcion, precio, CodTipo) VALUES ('EPS-TM-220D-N', 'EPSON TM-220D  (USB)  ( NEGRO)   C31C515052B0  GARANTIA DIRECTA CON FABRICANTE', 179, 71);
INSERT INTO Componente (clave, descripcion, precio, CodTipo) VALUES ('EPS-TM-220PDN', 'EPSON TM-220PD-052  PARALELO ( NEGRO)   C31C518052LG  GARANTIA DIRECTA CON FABRICANTE', 179, 71);
INSERT INTO Componente (clave, descripcion, precio, CodTipo) VALUES ('EPS-TM-L90P11', 'EPSON TM-L90P-011 ( LIQUIDACION)', 129, 71);
INSERT INTO Componente (clave, descripcion, precio, CodTipo) VALUES ('EPS-TM-T70-N', 'EPSON TM-T70 (TERMICA) (USB) (NEGRO)  P/N C31C637012LG', 229, 71);
INSERT INTO Componente (clave, descripcion, precio, CodTipo) VALUES ('EPS-TM-U220B7', 'EPSON TM-U220B-007 ( LIQUIDACION)', 129, 71);
INSERT INTO Componente (clave, descripcion, precio, CodTipo) VALUES ('FUENTE-250-60', 'FUENTE DE ALIMENTACION TFX 250W FSP 250-60GLT  85 x 70 x 175 mm (ancho x alto x fondo)', 49, 29);
INSERT INTO Componente (clave, descripcion, precio, CodTipo) VALUES ('FUENTE-A-110A', 'FUENTE ALIMENTACION 1100W AEROCOOL STRIKE-X  80PLUS GOLD  P/N STRIKEX1100', 149, 29);
INSERT INTO Componente (clave, descripcion, precio, CodTipo) VALUES ('FUENTE-A-550A', 'FUENTE ALIMENTACION 550W AEROCOOL VP550 / TEMP IMPER 550 80 PLUS  P/N VP550 / IMP550', 59, 29);
INSERT INTO Componente (clave, descripcion, precio, CodTipo) VALUES ('FUENTE-A-600A', 'FUENTE ALIMENTACION 600W AEROCOOL STRIKE-X 80PLUS BRONZE  P/N STRIKEX600M', 75, 29);
INSERT INTO Componente (clave, descripcion, precio, CodTipo) VALUES ('FUENTE-A-650A', 'FUENTE ALIMENTACION 650W AEROCOOL   P/N IMP650  / VP650', 59, 29);
INSERT INTO Componente (clave, descripcion, precio, CodTipo) VALUES ('FUENTE-A-750A', 'FUENTE ALIMENTACION 750W AEROCOOL VP750 / TEMP IMPER 750 80PLUS  P/N VP750 / IMP750', 95, 29);
INSERT INTO Componente (clave, descripcion, precio, CodTipo) VALUES ('FUENTE-A-800A', 'FUENTE ALIMENTACION 800W AEROCOOL STRIKE-X 80PLUS SILVER  P/N STRIKEX800', 109, 29);
INSERT INTO Componente (clave, descripcion, precio, CodTipo) VALUES ('FUENTE-A-850A', 'FUENTE ALIMENTACION 850W AEROCOOL 80PLUS  P/N IMP850', 119, 29);
INSERT INTO Componente (clave, descripcion, precio, CodTipo) VALUES ('FUENTE-AL-350', 'FUENTE ALIMENTACION  350W (LIQUIDACION)', 12, 29);
INSERT INTO Componente (clave, descripcion, precio, CodTipo) VALUES ('FUENTE-AL-500', 'FUENTE ALIMENTACION  500W', 16, 29);
INSERT INTO Componente (clave, descripcion, precio, CodTipo) VALUES ('FUENTE-AL-600', 'FUENTE ALIMENTACION  600W', 24, 29);
INSERT INTO Componente (clave, descripcion, precio, CodTipo) VALUES ('FUNDA-11BQF75', 'FUNDA 10.1" CASEPAD-S (11BQFUN75) PARA TABLET BQ EDISON  EAN: EAN8437012241923', 24, 66);
INSERT INTO Componente (clave, descripcion, precio, CodTipo) VALUES ('FUNDA-11BQF81', 'FUNDA 7" CASEPAD-S (11BQFUN81) PARA TABLET BQ ELCANO', 24, 66);
INSERT INTO Componente (clave, descripcion, precio, CodTipo) VALUES ('FUNDA-1314-VI', 'FUNDA 13"  TUCANO BFC1314 ( VIOLETA)  P/N BFC1314-PP', 15, 54);
INSERT INTO Componente (clave, descripcion, precio, CodTipo) VALUES ('FUNDA-17588', 'FUNDA TRUST 17588  ORGANISER FOLIO STAND PARA IPAD 2 & NEW IPAD  P/N 17588', 19, 66);
INSERT INTO Componente (clave, descripcion, precio, CodTipo) VALUES ('FUNDA-18473', 'FUNDA TRUST 18473 TABLET 10" UNIVERSAL STAND FOLIO  P/N 18473', 19, 66);
INSERT INTO Componente (clave, descripcion, precio, CodTipo) VALUES ('FUNDA-18501', 'FUNDA TRUST 18501 TABLET  GALAXY TAB 7.7" Y 8,9"   FOLIO STAND  P/N 18501', 19, 66);
INSERT INTO Componente (clave, descripcion, precio, CodTipo) VALUES ('FUNDA-8SCT91B', 'FUNDA TE8SCT91B (AZUL ) SBS  PARA GALAXY S   P/N TE8SCT91B', 12, 62);
INSERT INTO Componente (clave, descripcion, precio, CodTipo) VALUES ('FUNDA-8SCT91K', 'FUNDA TE8SCT91B (NEGRO ) SBS  PARA GALAXY S   P/N TE8SCT91K', 12, 62);
INSERT INTO Componente (clave, descripcion, precio, CodTipo) VALUES ('FUNDA-BFEF10F', 'FUNDA 9"/10" TUCANO BFE10-F ( ROSA)', 10, 54);
INSERT INTO Componente (clave, descripcion, precio, CodTipo) VALUES ('FUNDA-CL22-B', 'FUNDA CL22  CON LUZ  PARA LIBRO ELECTRONICO SONY (BLANCO)  P/N PRSACL22W.WW2', 45, 37);
INSERT INTO Componente (clave, descripcion, precio, CodTipo) VALUES ('FUNDA-CL22-N', 'FUNDA CL22  CON LUZ  PARA LIBRO ELECTRONICO SONY (NEGRO)  P/N PRSACL22B.WW2', 45, 37);
INSERT INTO Componente (clave, descripcion, precio, CodTipo) VALUES ('FUNDA-CL22-R', 'FUNDA CL22  CON LUZ  PARA LIBRO ELECTRONICO SONY (ROJO)  P/N PRSACL22R.WW2', 45, 37);
INSERT INTO Componente (clave, descripcion, precio, CodTipo) VALUES ('FUNDA-CO-MSL', 'FUNDA 10.2" COMPAQ MINI SLEVEE ( NEGRO )  P/N NU56AA', 10, 54);
INSERT INTO Componente (clave, descripcion, precio, CodTipo) VALUES ('FUNDA-DD-DE-G', 'FUNDA PARA DISCO DURO EXTERNO 2.5" PORT DELHI (NEGRO CON CREMALLERA GRIS)  P/N 400140', 7, 22);
INSERT INTO Componente (clave, descripcion, precio, CodTipo) VALUES ('FUNDA-DD-DE-M', 'FUNDA PARA DISCO DURO EXTERNO 2.5" PORT DELHI (NEGRO CON CREMALLERA AMARILLA )  P/N 40014', 7, 22);
INSERT INTO Componente (clave, descripcion, precio, CodTipo) VALUES ('FUNDA-DD-DE-R', 'FUNDA PARA DISCO DURO EXTERNO 2.5" PORT DELHI (NEGRO CON CREMALLERA ROSA )  P/N 400141', 7, 22);
INSERT INTO Componente (clave, descripcion, precio, CodTipo) VALUES ('FUNDA-DELHI-G', 'FUNDA 10"-12"  PORT  DELHI  (NEGRO CON CREMALLERA GRIS)  P/N 140193', 10, 54);
INSERT INTO Componente (clave, descripcion, precio, CodTipo) VALUES ('FUNDA-DELHI-M', 'FUNDA 10"-12"  PORT  DELHI  (NEGRO CON CREMALLERA AMARILLO )  P/N 140190', 10, 54);
INSERT INTO Componente (clave, descripcion, precio, CodTipo) VALUES ('FUNDA-DELHI-S', 'FUNDA 10"-12"  PORT  DELHI  (NEGRO CON CREMALLERA ROSA)  P/N 140192', 10, 54);
INSERT INTO Componente (clave, descripcion, precio, CodTipo) VALUES ('FUNDA-F7N032A', 'FUNDA F7N032VFC01  IPAD MINI  ( BELKIN ) ( AZUL )  P/N F7N032VFC01', 16, 61);
INSERT INTO Componente (clave, descripcion, precio, CodTipo) VALUES ('FUNDA-F7N032N', 'FUNDA F7N032VFC00  IPAD MINI  ( BELKIN ) ( NEGRO )  P/N F7N032VFC00', 16, 61);
INSERT INTO Componente (clave, descripcion, precio, CodTipo) VALUES ('FUNDA-F8M386N', 'FUNDA F8M386CWC00 (NEGRO) BELKIN TPU SG33 PARA TABLET 7"   P/N F8M386CWC00', 29, 66);
INSERT INTO Componente (clave, descripcion, precio, CodTipo) VALUES ('FUNDA-F8M386R', 'FUNDA F8M386CWC02 (ROJA) BELKIN TPU SG33 PARA TABLET 7"   P/N F8M386CWC02', 29, 66);
INSERT INTO Componente (clave, descripcion, precio, CodTipo) VALUES ('FUNDA-F8M388N', 'FUNDA F8M388CWC00 (NEGRO) BELKIN  PARA TABLET GALAXY TAB2 7"   P/N F8M388CWC00', 29, 66);
INSERT INTO Componente (clave, descripcion, precio, CodTipo) VALUES ('FUNDA-F8M392A', 'FUNDA F8M392CWC01 (AZUL) BELKIN STRIP FOLIO STAND PARA TABLET 10.1"   P/N F8M392CW01', 29, 66);
INSERT INTO Componente (clave, descripcion, precio, CodTipo) VALUES ('FUNDA-F8M392N', 'FUNDA F8M392CWC00 (NEGRO) BELKIN STRIP FOLIO STAND PARA TABLET 10.1"   P/N F8M392CW00', 29, 66);
INSERT INTO Componente (clave, descripcion, precio, CodTipo) VALUES ('FUNDA-F8M392R', 'FUNDA F8M392CWC02 (ROSA) BELKIN STRIP FOLIO STAND PARA TABLET 10.1"   P/N F8M392CW02', 29, 66);
INSERT INTO Componente (clave, descripcion, precio, CodTipo) VALUES ('FUNDA-F8M393R', 'FUNDA F8M393CWC01 (ROJA) BELKIN STRIP FOLIO STAND PARA TABLET 10.1"   P/N F8M393WC01', 29, 66);
INSERT INTO Componente (clave, descripcion, precio, CodTipo) VALUES ('FUNDA-F8M396N', 'FUNDA F8M396CWC00 (NEGRO) BELKIN PARA GALAXY S3   P/N F8M396CW00', 12, 62);
INSERT INTO Componente (clave, descripcion, precio, CodTipo) VALUES ('FUNDA-F8M396R', 'FUNDA F8M396CWC02 (ROJO) BELKIN PARA GALAXY S3   P/N F8M396CW02', 12, 62);
INSERT INTO Componente (clave, descripcion, precio, CodTipo) VALUES ('FUNDA-F8M397N', 'FUNDA F8M397CWC00 (NEGRO)  BELKIN SNAP PARA GALAXY S3   P/N F8M397CW00', 15, 62);
INSERT INTO Componente (clave, descripcion, precio, CodTipo) VALUES ('FUNDA-F8M410N', 'FUNDA F8M410CWC00 (NEGRO) BELKIN PARA GALAXY S3   P/N F8M410CWC00', 11, 62);
INSERT INTO Componente (clave, descripcion, precio, CodTipo) VALUES ('FUNDA-F8M410R', 'FUNDA F8M410CWC02 (ROJO) BELKIN PARA GALAXY S3   P/N F8M410CWC02', 11, 62);
INSERT INTO Componente (clave, descripcion, precio, CodTipo) VALUES ('FUNDA-F8N670', 'FUNDA F8N670CWC00 BELKIN KINDLE BASIC  PARA LIBRO 6" (NEGRO )  P/N F8N670CWC00', 15, 37);
INSERT INTO Componente (clave, descripcion, precio, CodTipo) VALUES ('FUNDA-MOVIL-A', 'FUNDA TELEFONO MOVIL / SMARTPHONE UNIVERSAL ( AZUL )', 6, 61);
INSERT INTO Componente (clave, descripcion, precio, CodTipo) VALUES ('FUNDA-MOVIL-C', 'FUNDA TELEFONO MOVIL / SMARTPHONE UNIVERSAL ( AZUL CLARO)', 6, 61);
INSERT INTO Componente (clave, descripcion, precio, CodTipo) VALUES ('FUNDA-MOVIL-E', 'FUNDA TELEFONO MOVIL / SMARTPHONE UNIVERSAL ( VERDE )', 6, 61);
INSERT INTO Componente (clave, descripcion, precio, CodTipo) VALUES ('FUNDA-MOVIL-L', 'FUNDA TELEFONO MOVIL / SMARTPHONE UNIVERSAL ( AMARILLO)', 6, 61);
INSERT INTO Componente (clave, descripcion, precio, CodTipo) VALUES ('FUNDA-MOVIL-M', 'FUNDA TELEFONO MOVIL / SMARTPHONE UNIVERSAL ( MARRON)', 6, 61);
INSERT INTO Componente (clave, descripcion, precio, CodTipo) VALUES ('FUNDA-MOVIL-V', 'FUNDA TELEFONO MOVIL / SMARTPHONE UNIVERSAL ( VIOLETA)', 6, 61);
INSERT INTO Componente (clave, descripcion, precio, CodTipo) VALUES ('FUNDA-PR-S70A', 'FUNDA 7"   PRIMUX TECH S70A PARA TABLET  ( AZUL)  P/N S70A', 6, 66);
INSERT INTO Componente (clave, descripcion, precio, CodTipo) VALUES ('FUNDA-SC22-B', 'FUNDA SC22 PARA LIBRO ELECTRONICO SONY (BLANCO)  P/N PRSASC22W.WW', 33, 37);
INSERT INTO Componente (clave, descripcion, precio, CodTipo) VALUES ('FUNDA-SC22-N', 'FUNDA SC22 PARA LIBRO ELECTRONICO SONY (NEGRO)  P/N PRSASC22B.WW', 33, 37);
INSERT INTO Componente (clave, descripcion, precio, CodTipo) VALUES ('FUNDA-SC22-R', 'FUNDA SC22 PARA LIBRO ELECTRONICO SONY ( ROJO )  P/N PRSASC22R.WW', 33, 37);
INSERT INTO Componente (clave, descripcion, precio, CodTipo) VALUES ('FUNDA-SMILEY', 'FUNDA 10"-12" PORT SMILEY (NEGRO)  P/N 140260', 19, 54);
INSERT INTO Componente (clave, descripcion, precio, CodTipo) VALUES ('FUNDA-TAB10-A', 'FUNDA TABLET 10.1" ( AZUL )', 12, 66);
INSERT INTO Componente (clave, descripcion, precio, CodTipo) VALUES ('FUNDA-TAB10-B', 'FUNDA TABLET 10.1" ( BLANCA )', 12, 66);
INSERT INTO Componente (clave, descripcion, precio, CodTipo) VALUES ('FUNDA-TAB10-N', 'FUNDA TABLET 10.1" ( NEGRO )', 12, 66);
INSERT INTO Componente (clave, descripcion, precio, CodTipo) VALUES ('FUNDA-TAB10-R', 'FUNDA TABLET 10.1" ( ROJO )', 12, 66);
INSERT INTO Componente (clave, descripcion, precio, CodTipo) VALUES ('FUNDA-TAB10-S', 'FUNDA TABLET 10.1" ( ROSA )', 12, 66);
INSERT INTO Componente (clave, descripcion, precio, CodTipo) VALUES ('FUNDA-TAB10-V', 'FUNDA TABLET 10.1" ( VIOLETA )', 12, 66);
INSERT INTO Componente (clave, descripcion, precio, CodTipo) VALUES ('FUNDA-TAB6-N', 'FUNDA TABLET 6" ( NEGRO )', 10, 66);
INSERT INTO Componente (clave, descripcion, precio, CodTipo) VALUES ('FUNDA-TAB7-A', 'FUNDA TABLET 7" ( AZUL )', 10, 66);
INSERT INTO Componente (clave, descripcion, precio, CodTipo) VALUES ('FUNDA-TAB7-N', 'FUNDA TABLET 7" ( NEGRO )', 10, 66);
INSERT INTO Componente (clave, descripcion, precio, CodTipo) VALUES ('FUNDA-TAB7-R', 'FUNDA TABLET 7" ( ROJO )', 10, 66);
INSERT INTO Componente (clave, descripcion, precio, CodTipo) VALUES ('FUNDA-TAB7-S', 'FUNDA TABLET 7" ( ROSA )', 10, 66);
INSERT INTO Componente (clave, descripcion, precio, CodTipo) VALUES ('FUNDA-TAB7-V', 'FUNDA TABLET 7" ( VIOLETA )', 10, 66);
INSERT INTO Componente (clave, descripcion, precio, CodTipo) VALUES ('FUNDA-TAB8-N', 'FUNDA TABLET 8" ( NEGRO )', 10, 66);
INSERT INTO Componente (clave, descripcion, precio, CodTipo) VALUES ('FUNDA-TAB8-R', 'FUNDA TABLET 8" ( ROJO )', 10, 66);
INSERT INTO Componente (clave, descripcion, precio, CodTipo) VALUES ('FUNDA-TAB9-A', 'FUNDA TABLET 9" ( AZUL )', 12, 66);
INSERT INTO Componente (clave, descripcion, precio, CodTipo) VALUES ('FUNDA-TAB9-N', 'FUNDA TABLET 9" ( NEGRO )', 12, 66);
INSERT INTO Componente (clave, descripcion, precio, CodTipo) VALUES ('FUNDA-TAB9-R', 'FUNDA TABLET 9" ( ROJO )', 12, 66);
INSERT INTO Componente (clave, descripcion, precio, CodTipo) VALUES ('FUNDA-TAB9-S', 'FUNDA TABLET 9" ( ROSA )', 12, 66);
INSERT INTO Componente (clave, descripcion, precio, CodTipo) VALUES ('FUNDA-TAB9-V', 'FUNDA TABLET 9.7" ( VIOLETA )', 12, 66);
INSERT INTO Componente (clave, descripcion, precio, CodTipo) VALUES ('FUNDA-TE0PFS9', 'FUNDA TED0PFS95K(NEGRO)  SBS FLIP CASE  PARA GALAXY S3   P/N TE0PFS95K', 15, 62);
INSERT INTO Componente (clave, descripcion, precio, CodTipo) VALUES ('FUN-I-MA135GA', 'FUNDA PIEL PARA IPOD NANO (NEGRO)  ( LEATHER CASE FOR IPOD NANO)  P/N MA135GA', 19, 44);
INSERT INTO Componente (clave, descripcion, precio, CodTipo) VALUES ('FUN-I-MB769GA', 'CINTA DE BRAZO (ARMBAND) PARA IPOD NANO   P/N MB769GA', 6, 44);
INSERT INTO Componente (clave, descripcion, precio, CodTipo) VALUES ('FU-SC-S1300', 'ESCANER FUJITSU SCAN SNAP  S1300I', 279, 28);
INSERT INTO Componente (clave, descripcion, precio, CodTipo) VALUES ('FU-SC-S1500', 'ESCANER FUJITSU SCAN SNAP  S1500', 499, 28);
INSERT INTO Componente (clave, descripcion, precio, CodTipo) VALUES ('GA+BO+RT-A00', 'GARANTIA EXTENCION+ BOLSA 15.4" + RATON ( ACER )  P/N Q3.LA281.A00', 29, 54);
INSERT INTO Componente (clave, descripcion, precio, CodTipo) VALUES ('GA-3D-AC-E1B', 'GAFAS 3D ACER E1B DLP (NEGRO)', 59, 72);
INSERT INTO Componente (clave, descripcion, precio, CodTipo) VALUES ('GA-AC-ADVANTA', 'GARANTIA 3 AÑOS PORTATILES ACER  ( DAÑOS ACCIDENTALES )  P/N SV.WNBAF.AL3', 79, 54);
INSERT INTO Componente (clave, descripcion, precio, CodTipo) VALUES ('GA-LI3+BOL-AC', 'GARANTIA A 3 AÑOS LIGHT ACER + BOLSA TRANSPORTE 15.4"  P/N Q2.22148.B02', 29, 54);
INSERT INTO Componente (clave, descripcion, precio, CodTipo) VALUES ('GAR-AC-EXT-2A', 'GARANTIA EXTENCION 2 AÑOS NOTEBOOK ACER( P/N SV.WNBAF.EX2)', 29, 54);
INSERT INTO Componente (clave, descripcion, precio, CodTipo) VALUES ('GU-LOG-XB360', 'GUITARRA LOGITECH INALAMBRICA PARA XBOX 360  ( WIRELESS GUITAR CONTROLLER)  ( P/N 939-000151', 99, 16);
INSERT INTO Componente (clave, descripcion, precio, CodTipo) VALUES ('HD-1TB-2.5-WD', 'DISCO DURO 1TB. 2.5 5400RPM SATA2  PARA NOTEBOOK (WESTERN DIGITAL )  P/N WD10JPVT', 79, 21);
INSERT INTO Componente (clave, descripcion, precio, CodTipo) VALUES ('HD-1TB-E2-TO', 'DISCO DURO 1TB. 2.5 EXTERNO TOSHIBA  (NEGRO) (USB 3.0)  P/N HDTB110EK3BA', 69, 22);
INSERT INTO Componente (clave, descripcion, precio, CodTipo) VALUES ('HD-1TB-SA3', 'DISCO DURO 1TB SERIAL ATA 3 7200 RPM  (SEAGATE)  P/N ST1000DM003 / ST31000523AS', 65, 21);
INSERT INTO Componente (clave, descripcion, precio, CodTipo) VALUES ('HD-1TB-SA3-WD', 'DISCO DURO 1TB SERIAL ATA 3  7200RPM 64MB WESTERN DIGITAL   P/N WD10EZRX / WD10EZEX', 65, 21);
INSERT INTO Componente (clave, descripcion, precio, CodTipo) VALUES ('HD-2TB-E2-T-N', 'DISCO DURO 2TB. 2,5 EXTERNO  TOSHIBA (NEGRO)  (USB3)  P/N HDTB120EK3BA', 159, 22);
INSERT INTO Componente (clave, descripcion, precio, CodTipo) VALUES ('HD-2TB-E-SE', 'DISCO DURO 2TB. 3.5 EXTERNO SEAGATE (NEGRO) (USB 3.0)', 89, 22);
INSERT INTO Componente (clave, descripcion, precio, CodTipo) VALUES ('HD-2TB-SA3-72', 'DISCO DURO  2TB  SERIAL ATA 3 SEAGATE 7200RPM  P/N ST2000DM001', 89, 21);
INSERT INTO Componente (clave, descripcion, precio, CodTipo) VALUES ('HD-3TB-E-SE', 'DISCO DURO 3TB. 3.5 EXTERNO SEAGATE (USB3.0) (NEGRO)', 129, 22);
INSERT INTO Componente (clave, descripcion, precio, CodTipo) VALUES ('HD-3TB-SA3-72', 'DISCO DURO  3 TERABYTE  SERIAL ATA 3 SEAGATE 7200RPM  P/N ST3000DM001', 139, 21);
INSERT INTO Componente (clave, descripcion, precio, CodTipo) VALUES ('HD-500-2-5SA2', 'DISCO DURO 500 GB (INTERNO) 2.5 5400RPM SATA2 TOSHIBA', 49, 21);
INSERT INTO Componente (clave, descripcion, precio, CodTipo) VALUES ('HD-500-E2-I-N', 'DISCO DURO 500GB. 2,5 EXTERNO  INTENSO (NEGRO)  (USB3)  P/N 6021530', 49, 21);
INSERT INTO Componente (clave, descripcion, precio, CodTipo) VALUES ('HD-500-E2-T-N', 'DISCO DURO 500GB. 2,5 EXTERNO  TOSHIBA (NEGRO)  (USB3)  P/N HDTB105EK3AA', 49, 22);
INSERT INTO Componente (clave, descripcion, precio, CodTipo) VALUES ('HD-500GB-SA3', 'DISCO DURO 500 GB.SERIAL ATA 3 7200RPM 16MB ( SEAGATE)  P/N ST500DM002', 55, 21);
INSERT INTO Componente (clave, descripcion, precio, CodTipo) VALUES ('HP-1050A', 'HP DESKJET 1050A ( IMPRESORA/ESCANER/COPIADORA )  P/N CQ198B  GARANTIA : 1 AÑO  GARANTIA DIR', 45, 30);
INSERT INTO Componente (clave, descripcion, precio, CodTipo) VALUES ('HP-2050A', 'HP DESKJET 2050A ( IMPRESORA/ESCANER/COPIADORA )  P/N CQ199B  GARANTIA : 1 AÑO  GARANTIA DIR', 49, 30);
INSERT INTO Componente (clave, descripcion, precio, CodTipo) VALUES ('HP-2510A', 'HP DESKJET 2510A ( IMPRESORA/ESCANER/COPIADORA )  P/N CX027B  GARANTIA : 1 AÑO  GARANTIA DIR', 49, 30);
INSERT INTO Componente (clave, descripcion, precio, CodTipo) VALUES ('HP-3055A', 'HP DESKJET 3055A (WIFI ) ( IMPRESORA/ESCANER/COPIADORA )  P/N B0N11B  GARANTIA : 1 AÑO  GARAN', 59, 30);
INSERT INTO Componente (clave, descripcion, precio, CodTipo) VALUES ('HP-379123-001', 'HP FUENTE ALIMENTAICON REDUDANTE 403781-001 AC Hotplug Power Supply 1000W para HP ProLiant DL38', 169, 49);
INSERT INTO Componente (clave, descripcion, precio, CodTipo) VALUES ('HP-399771-B21', 'HP FUENTE1000W DL380 ML350 370 G5   P/N 399771-B21', 169, 49);
INSERT INTO Componente (clave, descripcion, precio, CodTipo) VALUES ('HP-418367-B21', 'HP DISCO DURO  146GB. 10K SAS  DUAL PORT', 79, 49);
INSERT INTO Componente (clave, descripcion, precio, CodTipo) VALUES ('HP-431935-B21', 'HP DISCO DURO 72GB 15K SAS 2.5 SINGLE PORT  P/N 431935-B21', 59, 49);
INSERT INTO Componente (clave, descripcion, precio, CodTipo) VALUES ('HP-432535-075', 'SERVIDOR HP ML110G4 XEON 3040 1.86 / 512 MB  /   DISCO DURO 160GB   P/N 432535-075', 379, 49);
INSERT INTO Componente (clave, descripcion, precio, CodTipo) VALUES ('HP-458344-421', 'HP ProLiant ML370 G5 Base - Bastidor - 2 vías - 1 x Quad-Core Xeon E5440 / 2.83 GHz - RAM 2 GB - SAS - hot-sw', 2350, 50);
INSERT INTO Componente (clave, descripcion, precio, CodTipo) VALUES ('HP-458577-B21', 'MICRO XQUADCORE E5420 HP P/N 458577-B21', 399, 49);
INSERT INTO Componente (clave, descripcion, precio, CodTipo) VALUES ('HP-500670-B21', 'DIMM 2GB HP PC3-10600E-9 (P/N 500670-B21)', 89, 50);
INSERT INTO Componente (clave, descripcion, precio, CodTipo) VALUES ('HP-578891-071', 'MS W2008 SBS SP2 STD ROK ESPAÑOL', 649, 50);
INSERT INTO Componente (clave, descripcion, precio, CodTipo) VALUES ('HP-658553-421', 'HP MICROSERVER N40L 2GB NHP 250G SATA ( 658553-421 )   HP ProLiant MicroServer - Servidor - Formato ultr', 205, 49);
INSERT INTO Componente (clave, descripcion, precio, CodTipo) VALUES ('HP-A2J95EA', 'HP PRO 3420 ( A2J95EA ) ALL IN ONE  INTEL I3 2120 ( 2.3 GHZ ) / 4GB DDR3 / DISCO DURO 500GB / REGRAB', 599, 47);
INSERT INTO Componente (clave, descripcion, precio, CodTipo) VALUES ('HP-A2J98EA', 'HP PRO 3420 ( A2J98EA ) ALL IN ONE  INTEL G640 DUAL CORE( 2.8 GHZ ) / 2GB DDR3 / DISCO DURO 500GB', 499, 47);
INSERT INTO Componente (clave, descripcion, precio, CodTipo) VALUES ('HP-AF451A', 'HP UPS  T1500 INTL   P/N AF451A', 349, 49);
INSERT INTO Componente (clave, descripcion, precio, CodTipo) VALUES ('HP-DW061A', 'HP STORAGE WORKS DAT 72  ( USB )  P/N DW061A', 479, 49);
INSERT INTO Componente (clave, descripcion, precio, CodTipo) VALUES ('HP-F2214A', 'CALCULADORA CIENTIFICA HP 10S F2214A  ( 2 LINEAS )', 12, 10);
INSERT INTO Componente (clave, descripcion, precio, CodTipo) VALUES ('HP-F2220A', 'CALCULADORA  HP OFFICECALC 100 F2220A  ( 10 DIGITOS )', 13, 10);
INSERT INTO Componente (clave, descripcion, precio, CodTipo) VALUES ('HP-F2221A', 'CALCULADORA  HP OFFICECALC 200 F2221A ( 14 DIGITOS )', 19, 10);
INSERT INTO Componente (clave, descripcion, precio, CodTipo) VALUES ('HP-FU-ML350', 'FUENTE DE ALIMETACION PARA HP ML350 ( 384168-021 )', 169, 49);
INSERT INTO Componente (clave, descripcion, precio, CodTipo) VALUES ('HP-LA-M1212NF', 'HP LASERJET M1212NF ( IMPRESORA/ESCANER/COPIADORA/FAX)  GARANTIA DIRECTA FABRICANTE  GAR', 169, 46);
INSERT INTO Componente (clave, descripcion, precio, CodTipo) VALUES ('HP-LA-P1606DN', 'HP LASERJET PRO P1606DN  (CE749)  GARANTIA: 1 AÑO  GARANTIA DIRECTA FABRICANTE', 179, 46);
INSERT INTO Componente (clave, descripcion, precio, CodTipo) VALUES ('HP-LAS-M1132', 'HP LASERJET PRO M1132  MFP ( IMPRESORA / ESCANER / COPIADORA  )  P/N CE847A', 129, 46);
INSERT INTO Componente (clave, descripcion, precio, CodTipo) VALUES ('HP-LAS-M175A', 'HP LASERJET PRO COLOR 100 M175A MFP ( IMPRESORA / ESCANER / COPIADORA  )  P/N CE865A', 259, 46);
INSERT INTO Componente (clave, descripcion, precio, CodTipo) VALUES ('HP-LAS-M175NW', 'HP LASERJET PRO COLOR 100 M175NW MFP (WIFI)( IMPRESORA / ESCANER / COPIADORA  )  P/N CE866A', 289, 45);
INSERT INTO Componente (clave, descripcion, precio, CodTipo) VALUES ('HP-LAS-M276N', 'HP LASERJET PRO COLOR 200 M276N MFP ( IMPRESORA / ESCANER / COPIADORA  / FAX  )  P/N CF144A', 359, 45);
INSERT INTO Componente (clave, descripcion, precio, CodTipo) VALUES ('HP-LAS-M451DN', 'HP LASERJET PRO 400 COLOR M451DN  P/N CE957A', 419, 32);
INSERT INTO Componente (clave, descripcion, precio, CodTipo) VALUES ('HP-LAS-P1102', 'HP LASERJET P1102  ( CE651A )  GARANTIA: 1 AÑO  GARANTIA DIRECTA FABRICANTE', 89, 33);
INSERT INTO Componente (clave, descripcion, precio, CodTipo) VALUES ('HP-LAS-P1102W', 'HP LASERJET P1102W (WIFI)  (CE657A)  GARANTIA: 1 AÑO  GARANTIA DIRECTA FABRICANTE', 99, 46);
INSERT INTO Componente (clave, descripcion, precio, CodTipo) VALUES ('HP-LAS-P2035', 'HP LASERJET P2035  (CE461A)  GARANTIA: 1 AÑO  GARANTIA DIRECTA FABRICANTE', 159, 46);
INSERT INTO Componente (clave, descripcion, precio, CodTipo) VALUES ('HP-NW253AA', 'CALCULADORA CIENTIFICA HP 300S NW253AA ( 3 LINEAS )', 19, 10);
INSERT INTO Componente (clave, descripcion, precio, CodTipo) VALUES ('HP-OFF-4500', 'HP OFFICEJET 4500 ( IMPRESORA/ESCANER/COPIADORA/FAX )  P/N CB867A  GARANTIA : 1 AÑO  GARANTI', 79, 30);
INSERT INTO Componente (clave, descripcion, precio, CodTipo) VALUES ('HP-OFF-4500W', 'HP OFFICEJET 4500 WIFI ( IMPRESORA/ESCANER/COPIADORA/FAX )  P/N CN547A  GARANTIA : 1 AÑO  GAR', 89, 30);
INSERT INTO Componente (clave, descripcion, precio, CodTipo) VALUES ('HP-OFF-4620', 'HP OFFICEJET 4620  (WIFI) ( IMPRESORA/ESCANER/COPIADORA/FAX )  P/N CZ152B  GARANTIA : 1 AÑO  GA', 99, 30);
INSERT INTO Componente (clave, descripcion, precio, CodTipo) VALUES ('HP-OFF-6600', 'HP OFFICEJET 6600 (WIFI )( IMPRESORA / ESCANER / COPIADORA / FAX )  GARANTIA : 1 AÑO  (CZ155A)  GA', 119, 30);
INSERT INTO Componente (clave, descripcion, precio, CodTipo) VALUES ('HP-OFF-8600', 'HP OFFICEJET PRO 8600 (WIFI / DUPLEX )( IMPRESORA / ESCANER / COPIADORA / FAX )  GARANTIA : 1 AÑ', 169, 30);
INSERT INTO Componente (clave, descripcion, precio, CodTipo) VALUES ('HP-OFF-8600PL', 'HP OFFICEJET PRO 8600 PLUS  (WIFI / DUPLEX )( IMPRESORA / ESCANER / COPIADORA / FAX )  GARANTIA', 239, 30);
INSERT INTO Componente (clave, descripcion, precio, CodTipo) VALUES ('HP-PHOSM-5520', 'HP PHOTOSMART 5520  (IMPRESORA/ESCANER/COPIADORA)  P/N CX042B', 89, 30);
INSERT INTO Componente (clave, descripcion, precio, CodTipo) VALUES ('HP-QT467A', 'HP ML110 G7 E3-1220 2GB   P/N QT467A  Bundle servidor HP/TOP VALUE - Servidor HP ProLiant ML110 G7 con', 889, 49);
INSERT INTO Componente (clave, descripcion, precio, CodTipo) VALUES ('HUB-TR-4440P', 'HUB USB 4 PUERTOS  TRUST HU-4440P ( USB 2.0 )  P/N 14591', 9, 31);
INSERT INTO Componente (clave, descripcion, precio, CodTipo) VALUES ('HUB-TR-CURVE4', 'HUB TRUST CURVE 4   ( 4 PUERTOS ) ( USB 3.0 )  P/N 17908', 24, 31);
INSERT INTO Componente (clave, descripcion, precio, CodTipo) VALUES ('IPAD3-MC706TY', 'APPLE IPAD3 32GB WIFI ( NEGRO )  P/N MC706TY', 566, 65);
INSERT INTO Componente (clave, descripcion, precio, CodTipo) VALUES ('IPAD3-MD329TY', 'APPLE IPAD3 32GB WIFI ( BLANCO )  P/N MD329TY', 566, 65);
INSERT INTO Componente (clave, descripcion, precio, CodTipo) VALUES ('JOY-LOG-F710', 'GAMEPAD WIRELESS LOGITECH F710  ( 940-000118 )', 42, 34);
INSERT INTO Componente (clave, descripcion, precio, CodTipo) VALUES ('JOY-LOG-SPFOW', 'JOYSTICK VOLANTE LOGITECH SPEED FORCE WIRELESS PARA  WII  ( 941-00042 )', 39, 18);
INSERT INTO Componente (clave, descripcion, precio, CodTipo) VALUES ('JU-PS3-UNCHAR', 'JUEGO PS3 UNCHARTED', 19, 35);
INSERT INTO Componente (clave, descripcion, precio, CodTipo) VALUES ('KIT-CON3586', 'KIT CON-3586-013A RODILLOS Y 2 ALMOHADILLAS PARA FUJITSU S1500 / S1500M', 59, 28);
INSERT INTO Componente (clave, descripcion, precio, CodTipo) VALUES ('KIT-VI-TMST', 'KIT VISION TM-ST ( SOPORTE PROYECTOR )', 129, 56);
INSERT INTO Componente (clave, descripcion, precio, CodTipo) VALUES ('KW-DVBT300U', 'KWORLD DVB-T 300U (USB )', 19, 14);
INSERT INTO Componente (clave, descripcion, precio, CodTipo) VALUES ('LAMP-EB', 'LAMPARA PARA PROYECTOR EPSON EB-440W/450W/450WI/460/460I  V13H010L57', 179, 56);
INSERT INTO Componente (clave, descripcion, precio, CodTipo) VALUES ('LEC-CHIP-I-CO', 'LECTOR  DNI ELECTRONICO / LECTOR DE TARJETAS  ( INTERNO )  COOLBOX CR-600', 12, 39);
INSERT INTO Componente (clave, descripcion, precio, CodTipo) VALUES ('LEC-CHIP-I-TQ', 'LECTOR  DNI ELECTRONICO / LECTOR DE TARJETAS  ( INTERNO )  TQ TQR-202B', 12, 39);
INSERT INTO Componente (clave, descripcion, precio, CodTipo) VALUES ('LEC-CHIP-U-CO', 'LECTOR  DNI ELECTRONICO / LECTOR DE TARJETAS COOLBOX  CRE065  ( USB )', 15, 39);
INSERT INTO Componente (clave, descripcion, precio, CodTipo) VALUES ('LEC-CHIP-U-SC', 'LECTOR  DNI ELECTRONICO / LECTOR DE TARJETAS SCM MY EDNI  ( USB )', 19, 39);
INSERT INTO Componente (clave, descripcion, precio, CodTipo) VALUES ('LEC-E-KI-USB3', 'LECTOR EXTERNO TARJETAS DE MEMORIAS KINGSTON FCR-HS3 ( USB3 )  P/N FCR-HS3', 22, 39);
INSERT INTO Componente (clave, descripcion, precio, CodTipo) VALUES ('LEC-E-TR18409', 'LECTOR TARJETAS EXTERNO TRUST 18409  USB3.0  P/N 18409', 19, 39);
INSERT INTO Componente (clave, descripcion, precio, CodTipo) VALUES ('LEC-E-TR-USB3', 'LECTOR TARJETAS EXTERNO TRUST 17907 USB3.0  P/N 17907', 24, 39);
INSERT INTO Componente (clave, descripcion, precio, CodTipo) VALUES ('LEC-E-TVT-USB', 'LECTOR EXTERNO TARJETAS DE MEMORIAS TVISTO MULTI( USB2 )  P/N TVT-MULTI', 6, 39);
INSERT INTO Componente (clave, descripcion, precio, CodTipo) VALUES ('LEC-I-MEM-F-B', 'LECTOR INTERNO TARJETAS DE MEMORIAS FOXCONN (BLANCO)', 6, 39);
INSERT INTO Componente (clave, descripcion, precio, CodTipo) VALUES ('LEC-I-MEM-U-N', 'LECTOR INTERNO TARJETAS DE MEMORIAS UNYKA  / TOOQ (NEGRO)  P/N 50219  / TQR-208B', 6, 39);
INSERT INTO Componente (clave, descripcion, precio, CodTipo) VALUES ('LEC-SD-SS-GA', 'LECTOR SD (USB ) PARA SAMSUNG GALAXY  P/N EPL-1PLRBEGSTD', 19, 65);
INSERT INTO Componente (clave, descripcion, precio, CodTipo) VALUES ('LIB-BQ-CERVA2', 'LIBRO ELECTRONICO BQ CERVANTES 26" / 2GB   P/N 01BQCER03', 99, 37);
INSERT INTO Componente (clave, descripcion, precio, CodTipo) VALUES ('LIB-EN-E6', 'LIBRO ELECTRONICO 6" ENERGY SISTEM E6  4GB   Libro electrónico con pantalla de 6", 16 niveles de gris y sist', 89, 37);
INSERT INTO Componente (clave, descripcion, precio, CodTipo) VALUES ('LIB-SO-T2-BL', 'LIBRO ELECTRONICO SONY PRS-T2 (BLANCO)  (  6" / TACTIL / 2GB / WIFI  )   P/N PRST2HWC.CE7 / PRST2W', 149, 37);
INSERT INTO Componente (clave, descripcion, precio, CodTipo) VALUES ('LIB-SO-T2-NEG', 'LIBRO ELECTRONICO SONY PRS-T2 (NEGRO)  (  6" / TACTIL / 2GB / WIFI  )   P/N PRST2BC.CE7', 149, 37);
INSERT INTO Componente (clave, descripcion, precio, CodTipo) VALUES ('LIB-SO-T2-ROJ', 'LIBRO ELECTRONICO SONY PRS-T2 (ROJO)  (  6" / TACTIL / 2GB / WIFI  )  P/N PRST2RC.CE7  / PRST2HRC.C', 149, 37);
INSERT INTO Componente (clave, descripcion, precio, CodTipo) VALUES ('LTO-C7972A', 'LTO C7972A HP ULTRIUM 2 200GB/400GB', 36, 20);
INSERT INTO Componente (clave, descripcion, precio, CodTipo) VALUES ('LTO-C7978A', 'LTO C7978A HP ULTRIUM  CLEANING TAPE', 79, 20);
INSERT INTO Componente (clave, descripcion, precio, CodTipo) VALUES ('LUZ-F5L076-B', 'LUZ F5L076CWWHT BELKIN PARA LIBRO ELECTRONICO (BLANCO )  P/N F5L076CWWHT', 15, 37);
INSERT INTO Componente (clave, descripcion, precio, CodTipo) VALUES ('LUZ-F5L076-N', 'LUZ F5L076CW BELKIN PARA LIBRO ELECTRONICO (NEGRO )  P/N F5L076CW', 15, 37);
INSERT INTO Componente (clave, descripcion, precio, CodTipo) VALUES ('MANDO-LOG-885', 'MANDO LOGITECH HARMONY REMOTE 885  966187-0914)', 99, 57);
INSERT INTO Componente (clave, descripcion, precio, CodTipo) VALUES ('MEM-M-16-K-4', 'MEMORIA MICROSD 16GB. KINGSTON C4  P/N SDC4/16GB', 12, 39);
INSERT INTO Componente (clave, descripcion, precio, CodTipo) VALUES ('MEM-M-16-P-10', 'MEMORIA MICROSD 16GB. PATRIOT C10  P/N PSF16GMCSDHC10', 14, 39);
INSERT INTO Componente (clave, descripcion, precio, CodTipo) VALUES ('MEM-M-16-P-C4', 'MEMORIA MICROSD 16GB. PATRIOT C4  P/N PSF16GMCSDHC43P', 12, 39);
INSERT INTO Componente (clave, descripcion, precio, CodTipo) VALUES ('MEM-M-16-S-UL', 'MEMORIA MICROSD 16GB.ULTRA C10  SANDISK   P/N SDSDQU-016G-U46A', 15, 39);
INSERT INTO Componente (clave, descripcion, precio, CodTipo) VALUES ('MEM-M-32-G-10', 'MEMORIA MICROSD 32GB. SAMSUNG C10  P/N MB-MSBGA/EU', 25, 39);
INSERT INTO Componente (clave, descripcion, precio, CodTipo) VALUES ('MEM-M-32-S-4', 'MEMORIA MICROSD 32GB. SANDISK C4  P/N SDSDQQ-032G-B35', 22, 39);
INSERT INTO Componente (clave, descripcion, precio, CodTipo) VALUES ('MEM-M-32-S-UL', 'MEMORIA MICROSD 32GB.ULTRA C10  SANDISK   P/N SDSDQU-032G-U46A', 25, 39);
INSERT INTO Componente (clave, descripcion, precio, CodTipo) VALUES ('MEM-M-4-G-4', 'MEMORIA MICROSD 4GB. SAMSUNG C4  P/N MB-MS4GB/EU', 4, 39);
INSERT INTO Componente (clave, descripcion, precio, CodTipo) VALUES ('MEM-M-4-S-C2', 'MEMORIA MICROSD 4GB. SANDISK C2  P/N SDSDQM-004G-B35', 4, 39);
INSERT INTO Componente (clave, descripcion, precio, CodTipo) VALUES ('MEM-M-64-S-UL', 'MEMORIA MICROSD 64GB.ULTRA C10  SANDISK   P/N SDSDQU-064G-U46A', 49, 39);
INSERT INTO Componente (clave, descripcion, precio, CodTipo) VALUES ('MEM-M-8-G-C4', 'MEMORIA MICROSD 8GB. SAMSUNG C4  P/N MB-MS8GB/EU', 6, 39);
INSERT INTO Componente (clave, descripcion, precio, CodTipo) VALUES ('MEM-M-8-K-4', 'MEMORIA MICROSD 8GB. KINGSTON C4  P/N SDC4/8GB', 6, 39);
INSERT INTO Componente (clave, descripcion, precio, CodTipo) VALUES ('MEM-M-8-S-C2', 'MEMORIA MICROSD 8GB. SANDISK C2  P/N SDSDQB-008G-B35', 6, 39);
INSERT INTO Componente (clave, descripcion, precio, CodTipo) VALUES ('MEM-MS-16-S', 'MEMORIA MEMORY STICK PRO DUO 16GB.  ( SANDISK )  P/N SDMSPD-016G-B35', 36, 39);
INSERT INTO Componente (clave, descripcion, precio, CodTipo) VALUES ('MEM-MS-4-S', 'MEMORIA MEMORY STICK PRO DUO 4GB.  ( SANDISK )  P/N SDMSPD-004G-B35', 12, 39);
INSERT INTO Componente (clave, descripcion, precio, CodTipo) VALUES ('MEM-MS-8-S', 'MEMORIA MEMORY STICK PRO DUO 8GB.  ( SANDISK )  P/N SDMSPD-008G-B35', 19, 39);
INSERT INTO Componente (clave, descripcion, precio, CodTipo) VALUES ('MEM-MSPD-2GB', 'MEMORIA MEMORY STICK PRO DUO 2GB. SANDISK', 9, 39);
INSERT INTO Componente (clave, descripcion, precio, CodTipo) VALUES ('MEM-S-16-G-10', 'MEMORIA SD 16GB. PLUS SAMSUNG C10  P/N MB-SPAGC/EU', 12.9, 39);
INSERT INTO Componente (clave, descripcion, precio, CodTipo) VALUES ('MEM-S-16-G-6', 'MEMORIA SD 16GB. SAMSUNG C6  P/N MB-SSAGA/EU', 12, 39);
INSERT INTO Componente (clave, descripcion, precio, CodTipo) VALUES ('MEM-S-16-K-10', 'MEMORIA SD 16GB. KINGSTON C10  P/N SD10V/16GB', 12.9, 39);
INSERT INTO Componente (clave, descripcion, precio, CodTipo) VALUES ('MEM-S-16-S-4', 'MEMORIA SD 16GB. SANDISK C4  P/N SDSDB-016G-B35', 9.9, 39);
INSERT INTO Componente (clave, descripcion, precio, CodTipo) VALUES ('MEM-S-32-K-10', 'MEMORIA SD 32GB. KINGSTON C10  P/N SD10V/32GB', 25, 39);
INSERT INTO Componente (clave, descripcion, precio, CodTipo) VALUES ('MEM-S-32-S-10', 'MEMORIA SD 32GB. SANDISK C10  P/N SDSDU-032G-U46', 24, 39);
INSERT INTO Componente (clave, descripcion, precio, CodTipo) VALUES ('MEM-S-32-S-C4', 'MEMORIA SD 32GB. SANDISK C4  P/N SDSDB-032G-B35', 19, 39);
INSERT INTO Componente (clave, descripcion, precio, CodTipo) VALUES ('MEM-S-4-S-4', 'MEMORIA SD 4GB. SANDISK C4  P/N SDSDB-004G-B35', 5, 39);
INSERT INTO Componente (clave, descripcion, precio, CodTipo) VALUES ('MEM-S-64-S-10', 'MEMORIA SD 64GB. SANDISK C10  P/N SDSDU-064G-U46', 49, 39);
INSERT INTO Componente (clave, descripcion, precio, CodTipo) VALUES ('MEM-S-8-G-4', 'MEMORIA SD 8GB. SAMSUNG C4  P/N MB-SS8GB/EU', 6, 39);
INSERT INTO Componente (clave, descripcion, precio, CodTipo) VALUES ('MEM-S-8-K-4', 'MEMORIA SD 8GB. KINGSTON C4  P/N SD4/8GB', 6, 39);
INSERT INTO Componente (clave, descripcion, precio, CodTipo) VALUES ('MI-8GB-KI-SE9', 'MINIDISCO 8GB. KINGSTON DTSE9 (USB)  P/N KE-U468G-3B2', 5.9, 22);
INSERT INTO Componente (clave, descripcion, precio, CodTipo) VALUES ('MI-AU-PL-540', 'MICROFONO AURICULAR PLANTRONICS CS540 + HL 10 ( SIN CABLE )  P/N 84693-12', 199, 62);
INSERT INTO Componente (clave, descripcion, precio, CodTipo) VALUES ('MI-CA-AER-VIR', 'MICROFONO CASCO AEROCOOL HEADSET TEMPLARIUS VIRTUS GAMING    P/N VIRTUS', 19, 1);
INSERT INTO Componente (clave, descripcion, precio, CodTipo) VALUES ('MI-CA-LO-130A', 'MICROFONO CASCO LOGITECH HEADSET 130  ( AZUL )( 981-000363 )', 19, 1);
INSERT INTO Componente (clave, descripcion, precio, CodTipo) VALUES ('MI-CA-LO-130B', 'MICROFONO CASCO LOGITECH HEADSET 130  ( BLANCO )( 981-000346 )', 19, 1);
INSERT INTO Componente (clave, descripcion, precio, CodTipo) VALUES ('MI-CA-LO-150A', 'MICROFONO CASCO LOGITECH HEADSET 150  ( AZUL )   P/N 981-000368', 19, 1);
INSERT INTO Componente (clave, descripcion, precio, CodTipo) VALUES ('MI-CA-LO-150B', 'MICROFONO CASCO LOGITECH HEADSET 150  COCONUT ( BLANCO )   P/N 981-000350', 19, 1);
INSERT INTO Componente (clave, descripcion, precio, CodTipo) VALUES ('MI-CA-LO-150R', 'MICROFONO CASCO LOGITECH HEADSET 150  CRANBERRY ( ROSA )   P/N 981-000369', 19, 1);
INSERT INTO Componente (clave, descripcion, precio, CodTipo) VALUES ('MI-CA-LOG-860', 'MICROFONO CASCO LOGITECH PC HEADSEAT 860( 981-000094)', 12, 1);
INSERT INTO Componente (clave, descripcion, precio, CodTipo) VALUES ('MI-CA-LOG-960', 'MICROFONO CASCO LOGITECH PC HEADSEAT 960 (USB)( 981-000100 )', 24, 1);
INSERT INTO Componente (clave, descripcion, precio, CodTipo) VALUES ('MI-CA-LO-H340', 'MICROFONO CASCO LOGITECH H340 (USB)( 981-000475)', 26, 1);
INSERT INTO Componente (clave, descripcion, precio, CodTipo) VALUES ('MI-I3-3220', 'MICRO INTEL I3 3220  3.30 GHZ ( SOCKET 1155 )(BOX)(INCLUYE VENTILADOR)  P/N BX80637I33220', 119, 41);
INSERT INTO Componente (clave, descripcion, precio, CodTipo) VALUES ('MI-I5-3450', 'MICRO INTEL I5 3450  3.10 GHZ ( SOCKET 1155 )(BOX)(INCLUYE VENTILADOR)  P/N BX80637I53450', 189, 41);
INSERT INTO Componente (clave, descripcion, precio, CodTipo) VALUES ('MI-I5-3470', 'MICRO INTEL I5 3470  3.20 GHZ ( SOCKET 1155 )(BOX)(INCLUYE VENTILADOR)', 199, 41);
INSERT INTO Componente (clave, descripcion, precio, CodTipo) VALUES ('MI-I5-3570', 'MICRO INTEL I5 3570  3.40 GHZ ( SOCKET 1155 )(BOX)(INCLUYE VENTILADOR)', 209, 41);
INSERT INTO Componente (clave, descripcion, precio, CodTipo) VALUES ('MI-I7-3770', 'MICRO INTEL I7 3770  3.40 GHZ ( SOCKET 1155 )(BOX)(INCLUYE VENTILADOR)  P/N BX80637I73770', 299, 41);
INSERT INTO Componente (clave, descripcion, precio, CodTipo) VALUES ('MI-I7-3820', 'MICRO INTEL I7 3820  3.60 GHZ ( SOCKET 2011 )(BOX)  P/N BX80619I73820', 289, 41);
INSERT INTO Componente (clave, descripcion, precio, CodTipo) VALUES ('MI-IDC-G630', 'MICRO INTEL  DUAL CORE G630 ( 2,70 GHZ )  ( SOCKET 1155) BOX ( INCLUYE VENTILADOR)  P/N BX80623G', 59, 41);
INSERT INTO Componente (clave, descripcion, precio, CodTipo) VALUES ('MI-IDC-G645', 'MICRO INTEL  DUAL CORE G645 ( 2,90 GHZ )  ( SOCKET 1155) BOX ( INCLUYE VENTILADOR)  P/N BX80623G', 59, 41);
INSERT INTO Componente (clave, descripcion, precio, CodTipo) VALUES ('MINIDI-16-103', 'MINIDISCO 16GB. ADATA C103 (USB3.0)  P/N AC103-16G-RBK', 10.9, 40);
INSERT INTO Componente (clave, descripcion, precio, CodTipo) VALUES ('MINIDI-16GB-K', 'MINIDISCO 16GB. KINGSTON (USB)   P/N DTIG3/16GB', 8.9, 40);
INSERT INTO Componente (clave, descripcion, precio, CodTipo) VALUES ('MINIDI-16G-FA', 'MINIDISCO 16GB. SANDISK CRUZER FACET (USB)   P/N SDCZ55-016G-B35S', 8.9, 40);
INSERT INTO Componente (clave, descripcion, precio, CodTipo) VALUES ('MINIDI-16G-FI', 'MINIDISCO 16GB. SANDISK CRUZER FIT (USB)  P/N SDCZ33-016G-B35', 10.9, 40);
INSERT INTO Componente (clave, descripcion, precio, CodTipo) VALUES ('MINIDI-16G-PO', 'MINIDISCO 16GB. SANDISK CRUZER POP TRIBAL (USB)   P/N SDCZ53B-016G-B35', 8.9, 40);
INSERT INTO Componente (clave, descripcion, precio, CodTipo) VALUES ('MINIDI-16G-SW', 'MINIDISCO 16GB. SANDISK CRUZER SWITCH (USB)  P/N SDCZ52-016G-B35', 8.9, 40);
INSERT INTO Componente (clave, descripcion, precio, CodTipo) VALUES ('MINIDI-32GB-B', 'MINIDISCO 32GB. SANDISK CRUZER BLADE (USB)  P/N SDCZ50-032G-B35', 15, 40);
INSERT INTO Componente (clave, descripcion, precio, CodTipo) VALUES ('MINIDI-32GB-K', 'MINIDISCO 32GB. KINGSTON (USB)   P/N DTIG3/32GB', 18.9, 40);
INSERT INTO Componente (clave, descripcion, precio, CodTipo) VALUES ('MINIDI-32GB-S', 'MINIDISCO 32GB. SANDISK CRUZER SWITCH (USB)  P/N SDCZ52.032G-B35', 15, 40);
INSERT INTO Componente (clave, descripcion, precio, CodTipo) VALUES ('MINIDI-32GB-X', 'MINIDISCO 32GB. SANDISK CRUZER EXTREME USB 3.0  P/N SDCZ80-032G-X46', 36, 40);
INSERT INTO Componente (clave, descripcion, precio, CodTipo) VALUES ('MINIDI-32G-FI', 'MINIDISCO 32GB. SANDISK CRUZER FIT (USB)  P/N SDCZ33-032G-B35', 22.9, 40);
INSERT INTO Componente (clave, descripcion, precio, CodTipo) VALUES ('MINIDI-4GB-BL', 'MINIDISCO 4GB. SANDISK CRUZER BLADE (USB)  P/N SDCZ50-004G-B35', 4.9, 40);
INSERT INTO Componente (clave, descripcion, precio, CodTipo) VALUES ('MINIDI-4GB-FI', 'MINIDISCO 4GB. SANDISK CRUZER FIT (USB)  P/N SDCZ33-004G-B35', 5.5, 40);
INSERT INTO Componente (clave, descripcion, precio, CodTipo) VALUES ('MINIDI-64GB-K', 'MINIDISCO 64GB. KINGSTON  (USB)    P/N DT101G2/64GB', 39, 40);
INSERT INTO Componente (clave, descripcion, precio, CodTipo) VALUES ('MINIDI-64GB-L', 'MINIDISCO 64GB. SANDISK CRUZER SLICE (USB)  P/N SDCZ37-064G-B35', 36, 40);
INSERT INTO Componente (clave, descripcion, precio, CodTipo) VALUES ('MINIDI-8-C103', 'MINIDISCO 8GB. ADATA C103 (USB3.0)  P/N AC103-8G-RBK', 6.9, 40);
INSERT INTO Componente (clave, descripcion, precio, CodTipo) VALUES ('MINIDI-8GB-BL', 'MINIDISCO 8GB. SANDISK CRUZER BLADE (USB)  P/N SDCZ50-008G-B35', 5.9, 40);
INSERT INTO Componente (clave, descripcion, precio, CodTipo) VALUES ('MINIDI-8GB-ED', 'MINIDISCO 8GB. SANDISK CRUZER EDGE (USB)  P/N SDCZ51-008G-B35', 5.9, 40);
INSERT INTO Componente (clave, descripcion, precio, CodTipo) VALUES ('MINIDI-8GB-FI', 'MINIDISCO 8GB. SANDISK CRUZER FIT (USB)  P/N SDCZ33-008G-B35', 6.5, 40);
INSERT INTO Componente (clave, descripcion, precio, CodTipo) VALUES ('MINIDI-8GB-KI', 'MINIDISCO 8GB. KINGSTON (USB)  P/N DTIG3/8GB', 5.9, 40);
INSERT INTO Componente (clave, descripcion, precio, CodTipo) VALUES ('MINIDI-8GB-SW', 'MINIDISCO 8GB. SANDISK CRUZER SWITCH (USB)  P/N SDCZ52-008G-B35', 5.9, 40);
INSERT INTO Componente (clave, descripcion, precio, CodTipo) VALUES ('MI-TR-11917', 'MICROFONO TRUST MC-1200 ( 11917 )  P/N 11917', 6, 1);
INSERT INTO Componente (clave, descripcion, precio, CodTipo) VALUES ('MI-XEON-E5502', 'MICRO INTEL XEON E5502', 119, 41);
INSERT INTO Componente (clave, descripcion, precio, CodTipo) VALUES ('MON-A-G195HQL', 'MONITOR 18.5" PANORAMICO  ACER G195HQLEB (NEGRO)  ( LED )  GARANTIA DIRECTA FABRICANTE  P/N', 75, 42);
INSERT INTO Componente (clave, descripcion, precio, CodTipo) VALUES ('MON-A-G236HLB', 'MONITOR 23" ACER G236HLB  (NEGRO ) ( LED )  1920X1080 / 5 MS / DVI', 129, 42);
INSERT INTO Componente (clave, descripcion, precio, CodTipo) VALUES ('MON-A-GD245HQ', 'MONITOR 23.6" PANORAMICO  ACER GD245HQ ( 3D )   P/N ET.UG5HE.004', 209, 42);
INSERT INTO Componente (clave, descripcion, precio, CodTipo) VALUES ('MON-A-S220HQL', 'MONITOR 21.5" TFT PANORAMICO  ACER S220HQLB (NEGRO)  LED / FULL HD / DVI  GARANTIA DIRECTA FA', 99, 42);
INSERT INTO Componente (clave, descripcion, precio, CodTipo) VALUES ('MON-LG-IPS224', 'MONITOR 21.5" PANORAMICO LG IPS224V-PN ( LED )  IPS /  FULL HD / DVI / HDMI', 129, 42);
INSERT INTO Componente (clave, descripcion, precio, CodTipo) VALUES ('MON-LG-IPS234', 'MONITOR 23" PANORAMICO LG IPS234V-PN ( LED )  IPS /  FULL HD / DVI / HDMI', 149, 42);
INSERT INTO Componente (clave, descripcion, precio, CodTipo) VALUES ('MS-OFF-10-E-1', 'MICROSOFT OFFICE 2010  HOME AND STUDENT 1 LICENCIA', 75, 63);
INSERT INTO Componente (clave, descripcion, precio, CodTipo) VALUES ('MS-OFF-10-E-3', 'MICROSOFT OFFICE 2010  HOME AND STUDENT 3 LICENCIAS  P/N 79G-01922/ 79G-03545', 109, 63);
INSERT INTO Componente (clave, descripcion, precio, CodTipo) VALUES ('MS-OFF-2010-B', 'MICROSOFT OFFICE 2010 HOME & BUSINESS', 179, 63);
INSERT INTO Componente (clave, descripcion, precio, CodTipo) VALUES ('MS-SBS03-C-5L', 'CAL DEVICE 5 CLIENTES PARA MICROSOFT SMALL BUSINESS 2003(T74-01050)', 349, 63);
INSERT INTO Componente (clave, descripcion, precio, CodTipo) VALUES ('NE2-DL-DWA547', 'TARJETA DE RED PCI WIRELESS N  DLINK N650 ( DWA-547 )', 29, 58);
INSERT INTO Componente (clave, descripcion, precio, CodTipo) VALUES ('NE2-DLI-G510', 'TARJETA DE RED INALAMBRICA 54MB (PCI)  DLINK DWL-G510', 19, 58);
INSERT INTO Componente (clave, descripcion, precio, CodTipo) VALUES ('NE2-DLI-G520M', 'TARJETA DE RED INALAMBRICA 108G MIMO.(PCI)  DLINK DWL-G520M', 24, 58);
INSERT INTO Componente (clave, descripcion, precio, CodTipo) VALUES ('NE2-DLI-G650', 'TARJETA DE RED INALAMBRICA 108MB. PCMCIA  DLINK DWL-G650', 12, 58);
INSERT INTO Componente (clave, descripcion, precio, CodTipo) VALUES ('NERO9-SS', 'NERO 9 OEM (  PARA DVD REGRABADOR SAMSUNG)', 2, 36);
INSERT INTO Componente (clave, descripcion, precio, CodTipo) VALUES ('NOT-DO-QEB002', 'NETBOOK  PACKARD BELL DOT CS ( NEGRO)  ATOM N2600 ( 1.60 GHZ )  / 1GB DDR3 / 10.1" LED / DISCO DU', 219, 53);
INSERT INTO Componente (clave, descripcion, precio, CodTipo) VALUES ('NOT-DO-R0D004', 'NETBOOK  PACKARD BELL DOT SC/W-301SP ( BLANCO)  ATOM N2600 ( 1.60 GHZ )  / 1GB DDR3 / 10.1" LED /', 239, 53);
INSERT INTO Componente (clave, descripcion, precio, CodTipo) VALUES ('NOT-E14A2X1W', 'PORTATIL SONY VAIO  E14A2X1W  (BLANCO)  INTEL I5 3210M  / 6GB DDR3 / 14"/ DISCO DURO 750GB / GR', 699, 53);
INSERT INTO Componente (clave, descripcion, precio, CodTipo) VALUES ('NOT-E1512C6', 'PORTATIL SONY VAIO  E1512C6  (BLANCO)  INTEL DUAL CORE B980/ 4GB DDR3 / 15.5"  LED  / DISCO DUR', 429, 53);
INSERT INTO Componente (clave, descripcion, precio, CodTipo) VALUES ('NOT-E1512E1EB', 'PORTATIL SONY VAIO  E1512E1EB  (NEGRO)  INTEL I3 3110/ 4GB DDR3 / 15.5"  LED  / DISCO DURO 500GB', 549, 53);
INSERT INTO Componente (clave, descripcion, precio, CodTipo) VALUES ('NOT-E1512E1EW', 'PORTATIL SONY VAIO  E1512E1EW  (BLANCO)  INTEL I3 3110/ 4GB DDR3 / 15.5"  LED  / DISCO DURO 500G', 549, 53);
INSERT INTO Componente (clave, descripcion, precio, CodTipo) VALUES ('NOT-E1-531-01', 'PORTATIL ACER ASPIRE E1-531-958G50MN (NEGRO )  INTEL DUAL CORE B960  ( 2.20 GHZ ) / 8GB DDR3 / 15', 399, 53);
INSERT INTO Componente (clave, descripcion, precio, CodTipo) VALUES ('NOT-E1-531-05', 'PORTATIL ACER ASPIRE E1-531-958G50MN (NEGRO )  INTEL DUAL CORE B960  ( 2.20 GHZ ) / 4GB DDR3 / 15', 379, 53);
INSERT INTO Componente (clave, descripcion, precio, CodTipo) VALUES ('NOT-E1-571-01', 'PORTATIL ACER ASPIRE E1-571-2324G75MN (NEGRO )  INTEL I3 2328  ( 2.20 GHZ. ) / 4GB DDR3 / 15.6" HD CI', 429, 53);
INSERT INTO Componente (clave, descripcion, precio, CodTipo) VALUES ('NOT-E1-571G-1', 'PORTATIL ACER ASPIRE E1-571G-33118G50MN  (NEGRO )  INTEL I3 3110  ( 2.40 GHZ. ) / 8GB DDR3 / 15.6" HD', 479, 53);
INSERT INTO Componente (clave, descripcion, precio, CodTipo) VALUES ('NOT-E1712L1EW', 'PORTATIL SONY VAIO  E1712L1EW (BLANCO)  INTEL I3 3110M/ 4GB DDR3 / 17.3"  LED  / DISCO DURO 640', 629, 53);
INSERT INTO Componente (clave, descripcion, precio, CodTipo) VALUES ('NOT-ENTE11-11', 'PORTATIL PACKARD BELL  ENTE11HC-B9604G50MNKS (NEGRO)  INTEL DUAL CORE B960  ( 2.20 GHZ )  / 15', 359, 53);
INSERT INTO Componente (clave, descripcion, precio, CodTipo) VALUES ('NOT-ON-PEB008', 'NETBOOK ACER ASPIRE ONE 725-C62KK (NEGRO) AMD C70 / 2GB DDR3 / DISCO DURO 500 GB / 11,6" CINE', 299, 53);
INSERT INTO Componente (clave, descripcion, precio, CodTipo) VALUES ('NOT-ON-PEB009', 'NETBOOK ACER ASPIRE ONE 725-C7XKK (NEGRO) AMD FUSION  C70 DUAL CORE / 2GB DDR3 / DISCO DUR', 289, 53);
INSERT INTO Componente (clave, descripcion, precio, CodTipo) VALUES ('NOT-ON-YEB002', 'NETBOOK ACER ASPIRE ONE 756-987B2KK (NEGRO) INTEL B987 DUAL CORE ( 1.50 GHZ. )  / 2GB DDR3 / DI', 349, 53);
INSERT INTO Componente (clave, descripcion, precio, CodTipo) VALUES ('NOT-TE11-006', 'PORTATIL PACKARD BELL EASY NOTE TE11-8304G50MN  (NEGRO )  INTEL CELERON DUAL CORE  830 (1.8', 329, 53);
INSERT INTO Componente (clave, descripcion, precio, CodTipo) VALUES ('NOT-V3-571G-4', 'PORTATIL ACER ASPIRE V3-571G-53218G50MAII  (NEGRO)  INTEL I5 3210 ( 2.50 GHZ )  / 8GB DDR3 / 15.6"  L', 599, 53);
INSERT INTO Componente (clave, descripcion, precio, CodTipo) VALUES ('NOT-V3-771G-4', 'PORTATIL ACER ASPIRE V3-771G-3218G75MAII  (NEGRO ) INTEL I5 3210M ( 2.50 GHZ ) / 8GB DDR3 / 17.3"  L', 699, 53);
INSERT INTO Componente (clave, descripcion, precio, CodTipo) VALUES ('NOT-V5-431-02', 'PORTATIL ACER ASPIRE V5-431-9674G50MN ( PURPURA )  INTEL 967/ 4GB DDR3 / 14.1" CINECRYSTAL LED', 399, 53);
INSERT INTO Componente (clave, descripcion, precio, CodTipo) VALUES ('NOT-V5-571G-2', 'PORTATIL ACER ASPIRE V5-571G-23674G75MN (NEGRO)  INTEL I3 2377M ( 1.50 GHZ ) / 4GB DDR3 / 15.6" LC', 479, 53);
INSERT INTO Componente (clave, descripcion, precio, CodTipo) VALUES ('NPG-ATM11', 'NPG  SMARTLITE ( SMART TV ) ( MINISTICK )  ( CONVIERTE TU TELEVISOR EN UN SMART TV )   P/N 15T00T', 65, 72);
INSERT INTO Componente (clave, descripcion, precio, CodTipo) VALUES ('NPG-S900A', 'NPG SMARTBOX  ( SMART TV )  ( CONVIERTE TU TELEVISOR , EN UN SMART TV )  EAN: 1500129001005  P/N', 79, 72);
INSERT INTO Componente (clave, descripcion, precio, CodTipo) VALUES ('PA-MU-200X151', 'PANTALLA MURAL 200X151,3  P/N 1902393', 99, 56);
INSERT INTO Componente (clave, descripcion, precio, CodTipo) VALUES ('PA-MU-240X181', 'PANTALLA MURAL 240x181,3 CM', 119, 56);
INSERT INTO Componente (clave, descripcion, precio, CodTipo) VALUES ('PA-TERMICA', 'PASTA TERMICA ( 1 UNIDAD )', 2, 41);
INSERT INTO Componente (clave, descripcion, precio, CodTipo) VALUES ('PA-TR-175X132', 'PANTALLA TRIPODE 175X132  P/N 1902396', 99, 56);
INSERT INTO Componente (clave, descripcion, precio, CodTipo) VALUES ('PA-TR-200X151', 'PANTALLA TRIPODE 200X151  P/N 1902397', 109, 56);
INSERT INTO Componente (clave, descripcion, precio, CodTipo) VALUES ('PDA-H-P5520TD', 'TELEFONO HTC P5520 TOUCH DUAL', 49, 62);
INSERT INTO Componente (clave, descripcion, precio, CodTipo) VALUES ('PI-1902639', 'PIZARRA DRYWIPE BOARD  ( P/N 1902639 ) 120X180', 98, 51);
INSERT INTO Componente (clave, descripcion, precio, CodTipo) VALUES ('PI-680+WXL46', 'PIZARRA 77" SMART BOARD SB680 + PROYECTOR SANYO WXL56', 1590, 51);
INSERT INTO Componente (clave, descripcion, precio, CodTipo) VALUES ('PI-ABV378E100', 'PIZARRA PROMETHEAN ACTIVBOARD ABV378E100', 1000, 51);
INSERT INTO Componente (clave, descripcion, precio, CodTipo) VALUES ('PILA-RE-AAA-4', 'PILA RECARGABLE AAA PACK 4 UNIDADES', 17.19, 75);
INSERT INTO Componente (clave, descripcion, precio, CodTipo) VALUES ('PL-A-P8B75MLX', 'PLACA ASUS P8B75-M LX PLUS  ( SOCKET 1155 )', 59, 52);
INSERT INTO Componente (clave, descripcion, precio, CodTipo) VALUES ('PL-A-P8H61ML3', 'PLACA ASUS P8H61-M LX3 PLUS  ( SOCKET 1155 ) CHIP H61, 2xDDR3 MATX, 10xUSB2.0, AUDIO, GLAN, VIDE', 45, 52);
INSERT INTO Componente (clave, descripcion, precio, CodTipo) VALUES ('PL-A-P8H61MLX', 'PLACA ASUS P8H61-M LX  ( SOCKET 1155 ) MICROATX', 49, 52);
INSERT INTO Componente (clave, descripcion, precio, CodTipo) VALUES ('PL-A-P8Z77M', 'PLACA ASUS P8Z77-M  ( SOCKET 1155 )  P/N 90-MIBI10-G0EAY0GZ', 109, 52);
INSERT INTO Componente (clave, descripcion, precio, CodTipo) VALUES ('PL-A-P8Z77VLX', 'PLACA ASUS P8Z77-V LX2 ( SOCKET 1155 )', 99, 52);
INSERT INTO Componente (clave, descripcion, precio, CodTipo) VALUES ('PL-A-P9X79', 'PLACA ASUS P9X79 ( SOCKET 2011 )', 259, 52);
INSERT INTO Componente (clave, descripcion, precio, CodTipo) VALUES ('PL-A-P9X79LE', 'PLACA ASUS P9X79LE OEM (  SOCKET 2011 )', 225, 52);
INSERT INTO Componente (clave, descripcion, precio, CodTipo) VALUES ('PL-AR-G41CGS', 'PLACA ASROCK G41GC-GS( SOCKET 775 ) DDR2/DDR3 / VGA INTEGRADA', 49, 52);
INSERT INTO Componente (clave, descripcion, precio, CodTipo) VALUES ('PL-AR-H61M-HV', 'PLACA ASROCK H61M-HVS ( SOCKET 1155 ) DDR3 / VGA INTEGRADA', 45, 52);
INSERT INTO Componente (clave, descripcion, precio, CodTipo) VALUES ('PL-G-G41MC', 'PLACA GIGABYTE G41M-COMBO( SOCKET 775)  P/N 90-MXGDG0-A0UAYZ', 49, 52);
INSERT INTO Componente (clave, descripcion, precio, CodTipo) VALUES ('PL-G-Z77MD3H', 'PLACA GIGABYTE Z77M-D3H ( SOCKET 1155 )', 99, 52);
INSERT INTO Componente (clave, descripcion, precio, CodTipo) VALUES ('PRO-F8M137EB', 'PROTECTOR PANTALLA F8M138EB BELKIN PARA SAMSUNG GALAXY  S2 GT-I9100', 9, 61);
INSERT INTO Componente (clave, descripcion, precio, CodTipo) VALUES ('PRO-F8M292CW', 'PROTECTOR PANTALLA F8M292CW BELKIN SCREEN GUARD  TRANSPARENT PARA SAMSUNG GALAXY  TA', 9, 66);
INSERT INTO Componente (clave, descripcion, precio, CodTipo) VALUES ('PRO-F8N706CW', 'PROTECTOR PANTALLA F8N706CW BELKIN SCREEN GUARD  PARA SAMSUNG GALAXY TAB 10.1"  EAN: 72', 19, 66);
INSERT INTO Componente (clave, descripcion, precio, CodTipo) VALUES ('PRO-HTC--2138', 'PROTECTOR PANTALLA SMARTPHONE HTC   P/N 76H02138-01M', 4, 62);
INSERT INTO Componente (clave, descripcion, precio, CodTipo) VALUES ('PRO-PDA-2.8"', 'PROTECTOR PANTALLA JUST MOBILE PDA 2.8"', 9, 61);
INSERT INTO Componente (clave, descripcion, precio, CodTipo) VALUES ('PRO-PDA-N310', 'PROTECTOR PANTALLA PDA N310/N311  P/N CC.H0203.001', 9, 61);
INSERT INTO Componente (clave, descripcion, precio, CodTipo) VALUES ('RE-CPS500NBP', 'REGLETA PROTECTORA DE  NOTEBOOK CYBERPOWER', 10, 54);
INSERT INTO Componente (clave, descripcion, precio, CodTipo) VALUES ('RED-DFE528TX', 'TARJETA DE RED 10/100 MB (RJ45) (PCI) D-LINK DFE-528TX', 9, 58);
INSERT INTO Componente (clave, descripcion, precio, CodTipo) VALUES ('RED-DGE528T', 'TARJETA DE RED 10/100/1000 MB (RJ45) (PCI) D-LINK DGE-528T', 12, 58);
INSERT INTO Componente (clave, descripcion, precio, CodTipo) VALUES ('RED-DL-2100', 'PUNTO ACCESO DLINK DWL-2100AP 108MB.', 55, 58);
INSERT INTO Componente (clave, descripcion, precio, CodTipo) VALUES ('RED-DL-2553', 'PUNTO DE ACCESO WIFI D-LINK  DAP-2553', 159, 58);
INSERT INTO Componente (clave, descripcion, precio, CodTipo) VALUES ('RED-DL-P200', 'D-LINK POWER OVER ETHERNET KIT P200  P/N DWL-P200', 59, 58);
INSERT INTO Componente (clave, descripcion, precio, CodTipo) VALUES ('RED-TF-3239DL', 'TARJETA DE RED TP-LINK TF-3239DL  10/100 ( PCI )', 6, 58);
INSERT INTO Componente (clave, descripcion, precio, CodTipo) VALUES ('RED-TG-3269', 'TARJETA DE RED TP-LINK TG-3269 10/100/1000 ( PCI )', 9, 58);
INSERT INTO Componente (clave, descripcion, precio, CodTipo) VALUES ('RED-TL-271KIT', 'TP-LINK WPA271( KIT 2 UNIDADES )  AV200 WIRELESS N POWERLINE EXTENDER  P/N TL-WPA271KIT', 63, 58);
INSERT INTO Componente (clave, descripcion, precio, CodTipo) VALUES ('RED-TL-PA2010', 'TP-LINK TL-PA2010KIT ( 2 UNIDADES ) AV200  NANO POWERLINE ETHERNET  200 MBPS', 42, 58);
INSERT INTO Componente (clave, descripcion, precio, CodTipo) VALUES ('RED-TL-PA251K', 'TP-LINK TL-PA251KIT ( 2 UNIDADES ) AV200+ POWERLINE ETHERNET  200 MBPS', 45, 58);
INSERT INTO Componente (clave, descripcion, precio, CodTipo) VALUES ('RED-TL-PA411K', 'TP-LINK TL-PA411KIT ( 2 UNIDADES ) AV500 POWER LINE ETHERNET 500 MBPS', 45, 58);
INSERT INTO Componente (clave, descripcion, precio, CodTipo) VALUES ('RED-TL-W722NC', 'ADAPTADOR TP-LINK WN722NC WIFI 150MB ( USB ) ( HIGH GAIN )  P/N TL-WN722NC', 15, 58);
INSERT INTO Componente (clave, descripcion, precio, CodTipo) VALUES ('RED-TL-WA830', 'RANGE EXTENDER WIRELESS N TL-WA830RE', 36, 59);
INSERT INTO Componente (clave, descripcion, precio, CodTipo) VALUES ('RED-TL-WA850', 'RANGE EXTENDER WIRELESS N TL-WA850RE', 39, 59);
INSERT INTO Componente (clave, descripcion, precio, CodTipo) VALUES ('RED-TL-WN7200', 'ADAPTADOR TP-LINK WN7200ND WIFI 150MB N  HIGH POWER ( USB )  P/N TL-WN7200ND', 19, 58);
INSERT INTO Componente (clave, descripcion, precio, CodTipo) VALUES ('RED-TL-WN723N', 'ADAPTADOR RED  WIRELESS N150  MINI( USB ) TP-LINK WN723N  P/N TL-WN723N', 9, 58);
INSERT INTO Componente (clave, descripcion, precio, CodTipo) VALUES ('RED-TL-WN725N', 'ADAPTADOR RED  WIRELESS N N150  NANO( USB ) TP-LINK WN725N  P/N TL-WN725N', 12, 58);
INSERT INTO Componente (clave, descripcion, precio, CodTipo) VALUES ('RED-TL-WN727N', 'ADAPTADOR RED  WIRELESS N150 ( USB ) TP-LINK WN727N  P/N TL-WN727N', 9, 58);
INSERT INTO Componente (clave, descripcion, precio, CodTipo) VALUES ('RED-TL-WN821N', 'ADAPTADOR DE RED 300MB WIRELESS N ( USB ) TP-LINK WN821N  P/N TL-WN821N', 15, 58);
INSERT INTO Componente (clave, descripcion, precio, CodTipo) VALUES ('RED-TL-WN822N', 'TARJETA DE RED 300MB WIRELESS N ( USB ) TP-LINK WN822N ( 2 ANTENAS )   P/N TL-WN822N', 22, 58);
INSERT INTO Componente (clave, descripcion, precio, CodTipo) VALUES ('RED-TL-WN851N', 'TARJETA  DE RED 300MB WIRELESS N ( PCI ) TP-LINK WN851ND ( 2 ANTENAS )  P/N TL-WN851ND', 19, 58);
INSERT INTO Componente (clave, descripcion, precio, CodTipo) VALUES ('RED-TL-WN881N', 'TARJETA  DE RED 300MB WIRELESS N ( PCI EXPRESSI ) TP-LINK WN881ND ( 2 ANTENAS )  P/N TL-WN881N', 19, 58);
INSERT INTO Componente (clave, descripcion, precio, CodTipo) VALUES ('RED-W307AV', 'DLINK DHP-W307AV  200MB WIFI ( RED ELECTRICA )( PACK DE 2 UNIDS. )', 79, 58);
INSERT INTO Componente (clave, descripcion, precio, CodTipo) VALUES ('RE-TR-5PORT', 'REGLETA TRUST 5 PORT SURGE GUARD  P/N 16478', 12, 75);
INSERT INTO Componente (clave, descripcion, precio, CodTipo) VALUES ('RO-DSL-2640B', 'ROUTER ADSL D-LINK DSL-2640R', 39, 59);
INSERT INTO Componente (clave, descripcion, precio, CodTipo) VALUES ('RO-EA6500-EZ', 'ROUTER LINKSYS EZ6500-EZ', 199, 59);
INSERT INTO Componente (clave, descripcion, precio, CodTipo) VALUES ('RO-TD-W8961ND', 'ROUTER ADSL2+ 300MB WIRELESS N TP-LINK TD-W8961ND', 36, 59);
INSERT INTO Componente (clave, descripcion, precio, CodTipo) VALUES ('RO-TL-MR3020', 'ROUTER 3G/3.75G N WIRELESS N TP-LINK TL-MR3020', 33, 59);
INSERT INTO Componente (clave, descripcion, precio, CodTipo) VALUES ('RO-TL-MR3040', 'ROUTER 3G/3.75G N WIRELESS N TP-LINK TL-MR3040 ( CON BATERIA )', 45, 59);
INSERT INTO Componente (clave, descripcion, precio, CodTipo) VALUES ('RO-TL-MR3220', 'ROUTER 3G/3.75G N WIRELESS N TP-LINK TL-MR3220', 29, 59);
INSERT INTO Componente (clave, descripcion, precio, CodTipo) VALUES ('RO-TL-MR3420', 'ROUTER 3G/3.75G N WIRELESS N TP-LINK TL-MR3420', 39, 59);
INSERT INTO Componente (clave, descripcion, precio, CodTipo) VALUES ('RO-TL-WR740N', 'ROUTER  WIRELESS N150 TP-LINK TL-WR740N', 19, 59);
INSERT INTO Componente (clave, descripcion, precio, CodTipo) VALUES ('RO-WRV210', 'ROUTER LINKSYS WRV210 WIRELESS-G VPN RANGEBOOSTER', 79, 59);
INSERT INTO Componente (clave, descripcion, precio, CodTipo) VALUES ('RT-LOG-B110-N', 'RATON LOGITECH B110 OEM (NEGRO)  ( 910-001246 )', 9, 57);
INSERT INTO Componente (clave, descripcion, precio, CodTipo) VALUES ('RT-LOG-G300', 'RATON LOGITECH G300  GAMING MOUSE  P/N 910-002489', 36, 57);
INSERT INTO Componente (clave, descripcion, precio, CodTipo) VALUES ('RT-LOG-G400', 'RATON LOGITECH G400 OPTICAL GAMING MOUSE  P/N 910-002279', 39, 57);
INSERT INTO Componente (clave, descripcion, precio, CodTipo) VALUES ('RT-LOG-G500', 'RATON LOGITECH G500  GAMING MOUSE  P/N 910-001262', 59, 57);
INSERT INTO Componente (clave, descripcion, precio, CodTipo) VALUES ('RT-LOG-LS1-N', 'RATON LOGITECH LS1 (NEGRO)  P/N 910.000764', 15, 57);
INSERT INTO Componente (clave, descripcion, precio, CodTipo) VALUES ('RT-LOG-M115', 'RATON LOGITECH M115 (USB)  ( 910-001268 )', 9, 57);
INSERT INTO Componente (clave, descripcion, precio, CodTipo) VALUES ('RT-LOG-M175-G', 'RATON LOGITECH M175 (INALAMBRICO)(NEGRO-FRANJA GRIS OSCURO)  ( 910-002777 )', 12, 57);
INSERT INTO Componente (clave, descripcion, precio, CodTipo) VALUES ('RT-LOG-M185-A', 'RATON LOGITECH M185 (INALAMBRICO)(NEGRO-FRANJA AZUL OSCURO)  ( 910-002236 )', 15, 57);
INSERT INTO Componente (clave, descripcion, precio, CodTipo) VALUES ('RT-LOG-M185-G', 'RATON LOGITECH M185 (INALAMBRICO)(NEGRO-FRANJA GRIS OSCURO)  ( 910-002235 / 910-002238 )', 15, 57);
INSERT INTO Componente (clave, descripcion, precio, CodTipo) VALUES ('RT-LOG-M185-R', 'RATON LOGITECH M185 (INALAMBRICO)(NEGRO-FRANJA ROJO)  ( 910-002237 / 910-002240 )', 15, 57);
INSERT INTO Componente (clave, descripcion, precio, CodTipo) VALUES ('RT-LOG-M235-G', 'RATON LOGITECH M235 (GRIS OSCURO) (INALAMBRICO)  (910-002201)', 19, 57);
INSERT INTO Componente (clave, descripcion, precio, CodTipo) VALUES ('RT-LOG-M235-R', 'RATON LOGITECH M235 (ROJO) (INALAMBRICO)  (910-002496)', 19, 57);
INSERT INTO Componente (clave, descripcion, precio, CodTipo) VALUES ('RT-LOG-M305-M', 'RATON LOGITECH M305 (AMARILLO CON DIBUJOS ) (INALAMBRICO)  (910-002003)', 19, 57);
INSERT INTO Componente (clave, descripcion, precio, CodTipo) VALUES ('RT-LOG-M325-A', 'RATON LOGITECH M325 (INALAMBRICO) INDIGO SCROLL ( AZUL )  ( 910-002398 )', 15, 57);
INSERT INTO Componente (clave, descripcion, precio, CodTipo) VALUES ('RT-LOG-M570', 'RATON LOGITECH WIRELESS TRACKBALL M570  P/N 910-001882', 63, 57);
INSERT INTO Componente (clave, descripcion, precio, CodTipo) VALUES ('RT-LOG-R400', 'RATON LOGITECH  PRESENTER R400 (WIRELESS)  P/N 910-001356', 39, 57);
INSERT INTO Componente (clave, descripcion, precio, CodTipo) VALUES ('RT-LOG-R800', 'RATON LOGITECH PROFESIONAL PRESENTER R800 (WIRELESS)  P/N 910-001352', 72, 57);
INSERT INTO Componente (clave, descripcion, precio, CodTipo) VALUES ('RT-LOG-S96-N', 'RATON LOGITECH OPTICO S96 OEM ( NEGRO ) PS2  ( 953688-1600 )', 6, 57);
INSERT INTO Componente (clave, descripcion, precio, CodTipo) VALUES ('RT-TVT-JD2018', 'RATON OPTICO TVT JD2018 (USB)(NEGRO)  P/N TVT-JD2018B', 5, 57);
INSERT INTO Componente (clave, descripcion, precio, CodTipo) VALUES ('SA-ML-2160', 'SAMSUNG ML-2160 ( LASER MONOCROMO )', 59, 60);
INSERT INTO Componente (clave, descripcion, precio, CodTipo) VALUES ('SAN-WXL46A', 'PROYECTOR SANYO PCL-WXL46A +LAMPARA ADICIONAL (PROMOCION)', 599, 55);
INSERT INTO Componente (clave, descripcion, precio, CodTipo) VALUES ('SB-XFI-X-A-NO', 'SOUND BLASTER XFI XTREME AUDIO NOTEBOOK (PCMCIA)', 24, 67);
INSERT INTO Componente (clave, descripcion, precio, CodTipo) VALUES ('SC-5145-31A38', 'ESCANER METROLOGIC 5145-31A38 VOYAGER ( USB )(NEGRO)', 89, 71);
INSERT INTO Componente (clave, descripcion, precio, CodTipo) VALUES ('SC-9520-37A38', 'ESCANER METROLOGIC 9520-37A38 VOYAGER ( USB )(NEGRO)', 139, 71);
INSERT INTO Componente (clave, descripcion, precio, CodTipo) VALUES ('SEMIT-A-STGTR', 'SEMITORRE ATX AERO STRIKE-X GT (NEGRO-ROJO) ( SIN FUENTE )  P/N STRIKEXGTR', 79, 15);
INSERT INTO Componente (clave, descripcion, precio, CodTipo) VALUES ('SEMIT-A-STX-N', 'SEMITORRE ATX AERO STRIKE-X ADVANCE (NEGRO) ( SIN FUENTE )  P/N STRIKEXADBK', 89, 15);
INSERT INTO Componente (clave, descripcion, precio, CodTipo) VALUES ('SEMIT-A-SXONE', 'SEMITORRE ATX AERO STRIKE-X  ONE( SIN FUENTE  )  P/N STRIKEXONE  EAN: 4710700958360', 45, 15);
INSERT INTO Componente (clave, descripcion, precio, CodTipo) VALUES ('SEMIT-A-VS3', 'SEMITORRE AERO VS3 GAMING (NEGRO) ( SIN FUENTE )  P/N VS3', 45, 15);
INSERT INTO Componente (clave, descripcion, precio, CodTipo) VALUES ('SEMIT-A-VS3AD', 'SEMITORRE AERO VS3 ADVACE GAMING (NEGRO) ( SIN FUENTE )  P/N VS3AD', 49, 15);
INSERT INTO Componente (clave, descripcion, precio, CodTipo) VALUES ('SEMIT-L8067', 'SEMITORRE ATX L8067 (NEGRO) 500W  P/N 51932', 39, 15);
INSERT INTO Componente (clave, descripcion, precio, CodTipo) VALUES ('SEMIT-T-MAGNU', 'SEMITORRE TACENS MAGNUS (NEGRO) ( SIN FUENTE )', 36, 15);
INSERT INTO Componente (clave, descripcion, precio, CodTipo) VALUES ('SEMIT-T-OMNIA', 'SEMITORRE TACENS OMNIA (NEGRO) ( SIN FUENTE )  P/N 2OMNIA', 35, 15);
INSERT INTO Componente (clave, descripcion, precio, CodTipo) VALUES ('SER-IM-600N', 'SERVIDOR IMPRESORA HP JETDIRECT 600N (INTERNO)', 149, 58);
INSERT INTO Componente (clave, descripcion, precio, CodTipo) VALUES ('SO-CR-MFIX', 'SOPORTE NETBOOK 7"-10"  CRADIA MINI FIT   EAN: 8809230890113', 8, 54);
INSERT INTO Componente (clave, descripcion, precio, CodTipo) VALUES ('SO-ER-FX-PF', 'SOPORTE TV   32" - 63" ERGOTRON SERIE FX PARED FIJO', 39, 72);
INSERT INTO Componente (clave, descripcion, precio, CodTipo) VALUES ('SO-LAPDESK-NO', 'SOPORTE PORT LAPDESK  FOR NOTEBOOK  P/N 109102', 15, 54);
INSERT INTO Componente (clave, descripcion, precio, CodTipo) VALUES ('SO-TA-ABACUS', 'SOPORTE TACENS ABACUS PARA NOTEBOOK 10" 17"( INCLUYE VENTILADOR + STAND  )  P/N 4ABACUS', 19, 54);
INSERT INTO Componente (clave, descripcion, precio, CodTipo) VALUES ('SO-TABLET', 'SOPORTE SOBREMESA PARA TABLET SAMSUNG GALAXY', 29, 65);
INSERT INTO Componente (clave, descripcion, precio, CodTipo) VALUES ('SO-TE-FO-548P', 'SOPORTE DE TECHO PARA PROYECTOR FONESTAR SPR-548P', 60, 56);
INSERT INTO Componente (clave, descripcion, precio, CodTipo) VALUES ('SO-VI-26946', 'SOPORTE TV 37"-63" VIVANCO  P/N 26946', 39, 73);
INSERT INTO Componente (clave, descripcion, precio, CodTipo) VALUES ('SSD-120-SH-K', 'SSD 120GB 2.5  KINGSTON SH103S3 HYPERX 3K  (SATA 3 )  P/N SH103S3/120G', 119, 23);
INSERT INTO Componente (clave, descripcion, precio, CodTipo) VALUES ('SSD-120-S-SVP', 'SSD 120GB 2.5  KINGSTON SSDNOW 200  V+  ( SATA3 ) 535 MBps (lectura)/ 480 MBps (escritura)  P/N SVP200S', 99, 23);
INSERT INTO Componente (clave, descripcion, precio, CodTipo) VALUES ('SSD-120-SV-K', 'SSD 120GB 2.5  KINGSTON SV300S37A  (SATA 3 ) 450 MBps (lectura)/ 450 MBps (escritura)  P/N SV300S37A/12', 99, 23);
INSERT INTO Componente (clave, descripcion, precio, CodTipo) VALUES ('SSD-240-SA3-K', 'SSD 240GB 2.5  KINGSTON HYPERX 3K  (SATA 3 )  P/N SH103S/240G', 209, 23);
INSERT INTO Componente (clave, descripcion, precio, CodTipo) VALUES ('SSD-240-SA3-S', 'SSD 240GB 2.5  SANDISK  EXTREME (SATA 3 ) 540 MBps (lectura)/ 460 MBps (escritura)  P/N SDSSDX-240G-G2', 189, 23);
INSERT INTO Componente (clave, descripcion, precio, CodTipo) VALUES ('SSD-240-SV-K', 'SSD 240GB 2.5  KINGSTON SSDNOW V300 SATA3  P/N SV300S37A/240G', 199, 23);
INSERT INTO Componente (clave, descripcion, precio, CodTipo) VALUES ('SSD-480-SA3-S', 'SSD 480GB 2.5  SANDISK  EXTREME (SATA 3 ) SSD 240GB 2.5  SANDISK  EXTREME (SATA 3 ) 540 MBps (lect', 349, 23);
INSERT INTO Componente (clave, descripcion, precio, CodTipo) VALUES ('SSD-60GB-KI', 'SSD 60GB 2.5  KINGSTON (SATA 3 )  P/N SV300S37A/60G  450 MBps (lectura)/ 450 MBps (escritura)', 65, 23);
INSERT INTO Componente (clave, descripcion, precio, CodTipo) VALUES ('SSD-64-SA3-S', 'SSD 64GB 2.5  SANDISK (SATA 3 ) 490 MBps (lectura)/ 240 MBps (escritura)  P/N SDSSDP-064G-G25', 59, 23);
INSERT INTO Componente (clave, descripcion, precio, CodTipo) VALUES ('SW-DES1005D', 'SWITH 10/100 5P. DLINK DES-1005D', 15, 58);
INSERT INTO Componente (clave, descripcion, precio, CodTipo) VALUES ('SW-DES1008D', 'SWITH 10/100 8P. DLINK DES-1008D', 19, 58);
INSERT INTO Componente (clave, descripcion, precio, CodTipo) VALUES ('SW-DES1016D', 'SWITCH 16 PUESTOS D-LINK 10/100   DES-1016D', 49, 58);
INSERT INTO Componente (clave, descripcion, precio, CodTipo) VALUES ('SW-DES1024D', 'SWITCH D-LINK 10/100 24 PUESTOS ( DES-1024D/E )', 59, 58);
INSERT INTO Componente (clave, descripcion, precio, CodTipo) VALUES ('SW-DGS1005D', 'SWITCH 5 PUESTOS 10/100/1000 D-LINK DGS-1005D', 33, 58);
INSERT INTO Componente (clave, descripcion, precio, CodTipo) VALUES ('SW-DGS1008D', 'SWITCH 8 PUESTOS 10/100/1000 D-LINK DGS-1008D', 59, 58);
INSERT INTO Componente (clave, descripcion, precio, CodTipo) VALUES ('SW-DGS1016D', 'SWITCH 16 PUESTOS D-LINK 10/100/1000  DGS-1016D', 149, 58);
INSERT INTO Componente (clave, descripcion, precio, CodTipo) VALUES ('SW-DGS1024D', 'SWITCH  10/100/1000 24P. DLINK DGS-1024D', 179, 58);
INSERT INTO Componente (clave, descripcion, precio, CodTipo) VALUES ('SW-DL-3028', 'SWITCH  24P 10/100  RACK 19" D-LINK  DES-3028', 259, 58);
INSERT INTO Componente (clave, descripcion, precio, CodTipo) VALUES ('SW-HP-J9080A', 'SWITH HP PROCURVE 1700-24 (J8090A#ABB)', 119, 58);
INSERT INTO Componente (clave, descripcion, precio, CodTipo) VALUES ('SW-TL-SF1005D', 'SWITCH 10/100MB 5 PUERTOS  TP-LINK SF1005D  P/N TL-SF1005D', 12, 58);
INSERT INTO Componente (clave, descripcion, precio, CodTipo) VALUES ('SW-TL-SF1008D', 'SWITCH 10/100MB 8 PUERTOS  TP-LINK SF1008D  P/N TL-SF1008D', 15, 58);
INSERT INTO Componente (clave, descripcion, precio, CodTipo) VALUES ('SW-TL-SG1005D', 'SWITCH 10/100/1000MB 5 PUERTOS  TP-LINK SG1005D  P/N TL-SG1005D', 24, 58);
INSERT INTO Componente (clave, descripcion, precio, CodTipo) VALUES ('SW-TL-SG1008D', 'SWITCH 10/100/1000MB 8 PUERTOS  TP-LINK SG1008D  P/N TL-SG1008D', 36, 58);
INSERT INTO Componente (clave, descripcion, precio, CodTipo) VALUES ('TAB-AR-10CG3', 'TABLET ARNOVA 10C G3   PROCESADOR ARM CORTEX A8  1GHZ /  10.1" CAPACITIVA MULTITACTIL 1024X6', 139, 65);
INSERT INTO Componente (clave, descripcion, precio, CodTipo) VALUES ('TAB-B1-A71', 'TABLET ACER ICONIA B1-A71  7" TACTIL CAPACITIVA  /8GB./ WIFI/ MEDIATEK 1.2GHZ DUAL CORE / 512MB /', 115, 65);
INSERT INTO Componente (clave, descripcion, precio, CodTipo) VALUES ('TAB-BQ-ED', 'TABLET BQ EDISON10.1" TACTIL  CAPACITIVA / 16GB / CORTEX A9 DUAL CORE 1.6 GHZ. / 1GB DDR3 / AN', 199, 65);
INSERT INTO Componente (clave, descripcion, precio, CodTipo) VALUES ('TAB-BQ-ED-3G', 'TABLET BQ EDISON3G / 10.1" TACTIL  CAPACITIVA / 16GB / CORTEX A9 DUAL CORE 1.6 GHZ. / 1GB DDR3', 249, 65);
INSERT INTO Componente (clave, descripcion, precio, CodTipo) VALUES ('TAB-BQ-EL-3G', 'TABLET BQ ELCANO3G  / FUNCION TELEFONO /  7" PANTALLA MULTITACTIL CAPACITIVA  IPS 800 x 1280', 195, 65);
INSERT INTO Componente (clave, descripcion, precio, CodTipo) VALUES ('TAB-N8000-B', 'TABLET SAMSUNG N8000  GALAXY NOTE 10.1 ( BLANCO ) PROCESADOR QUAD CORE 1.4 GHZ / ANDROID 4', 549, 65);
INSERT INTO Componente (clave, descripcion, precio, CodTipo) VALUES ('TAB-N8010-B', 'TABLET SAMSUNG N8010  GALAXY NOTE 10.1 ( BLANCO ) PROCESADOR QUAD CORE 1.4 GHZ / ANDROID 4', 449, 65);
INSERT INTO Componente (clave, descripcion, precio, CodTipo) VALUES ('TAB-P3100-B68', 'TABLET SAMSUNG P3100  GALAXY TAB 2 ( 7.0 ) ( BLANCO ) PROCESADOR 1GHZ GHZ DOBLE NUCLEO / AN', 329, 65);
INSERT INTO Componente (clave, descripcion, precio, CodTipo) VALUES ('TAB-P3110-B', 'TABLET SAMSUNG P3110  GALAXY TAB 2 ( 7.0 ) ( BLANCA ) PROCESADOR 1GHZ GHZ DOBLE NUCLEO / AN', 199, 65);
INSERT INTO Componente (clave, descripcion, precio, CodTipo) VALUES ('TAB-P3110-B20', 'TABLET SAMSUNG P3110  GALAXY TAB 2 ( 7.0 ) ( BLANCA ) PROCESADOR 1GHZ GHZ DOBLE NUCLEO / AN', 239, 65);
INSERT INTO Componente (clave, descripcion, precio, CodTipo) VALUES ('TAB-P3110-G60', 'TABLET SAMSUNG P3110  GALAXY TAB 2 ( 7.0 ) ( GRIS  ) PROCESADOR 1GHZ GHZ DOBLE NUCLEO / ANDR', 239, 65);
INSERT INTO Componente (clave, descripcion, precio, CodTipo) VALUES ('TAB-P5100-B', 'TABLET SAMSUNG P5100  GALAXY TAB 2 ( BLANCO ) PROCESADOR 1GHZ GHZ DOBLE NUCLEO / ANDROID', 389, 65);
INSERT INTO Componente (clave, descripcion, precio, CodTipo) VALUES ('TAB-P5100-G', 'TABLET SAMSUNG P5100  GALAXY TAB 2 ( GRIS ) PROCESADOR 1GHZ GHZ DOBLE NUCLEO / ANDROID 4.0', 389, 65);
INSERT INTO Componente (clave, descripcion, precio, CodTipo) VALUES ('TAB-P5110-B', 'TABLET SAMSUNG P5110  GALAXY TAB 2 ( BLANCA ) PROCESADOR 1GHZ GHZ DOBLE NUCLEO / ANDROID', 289, 65);
INSERT INTO Componente (clave, descripcion, precio, CodTipo) VALUES ('TAB-P5110-G', 'TABLET SAMSUNG P5110  GALAXY TAB 2 ( GRIS ) PROCESADOR 1GHZ GHZ DOBLE NUCLEO / ANDROID 4.0', 289, 65);
INSERT INTO Componente (clave, descripcion, precio, CodTipo) VALUES ('TAB-PR-ZONDA2', 'TABLET PRIMUX TECH ZONDA2   PROCESADOR  CORTEX A8  MALI 400 / 7" TFT  CAPACITIVA MULTITACTIL/', 79, 65);
INSERT INTO Componente (clave, descripcion, precio, CodTipo) VALUES ('TAB-TR-CICLON', 'TABLET PRIMUX TECH CICLON   BOXCHIP A10 CORTEX A8  + MALI400 / 9.7" MULTITACTIL/ 1GB DDR3 /  AN', 159, 65);
INSERT INTO Componente (clave, descripcion, precio, CodTipo) VALUES ('TAB-TR-ZONDA', 'TABLET PRIMUX TECH ZONDA   BOXCHIP A10 CORTEX A8 / 7"  CAPACITIVA / 512MB DDR3 ANDROID OS 4.0', 79, 65);
INSERT INTO Componente (clave, descripcion, precio, CodTipo) VALUES ('TAB-WA-2400', 'TABLETA WACOM CINTIQ 24HD ( PTK-2400)', 1750, 65);
INSERT INTO Componente (clave, descripcion, precio, CodTipo) VALUES ('TECL+RT-260PO', 'TECLADO+RATON LOGITECH WIRELESS DESKTOP MK260 (PORTUGUES)  P/N 920-002991', 29, 70);
INSERT INTO Componente (clave, descripcion, precio, CodTipo) VALUES ('TECL+RT-320PO', 'TECLADO+RATON LOGITECH WIRELESS DESKTOP MK320 ( PORTUGUES)', 36, 70);
INSERT INTO Componente (clave, descripcion, precio, CodTipo) VALUES ('TECL+RT-L-DEG', 'TECLADO  LOGITECH INALAMBRICO DINOVO EDGE ( 967685-0104)', 139, 70);
INSERT INTO Componente (clave, descripcion, precio, CodTipo) VALUES ('TECL+RT-MK260', 'TECLADO+RATON LOGITECH WIRELESS DESKTOP MK260  ( 920-002992 )', 29, 70);
INSERT INTO Componente (clave, descripcion, precio, CodTipo) VALUES ('TECL+RT-MK330', 'TECLADO+RATON LOGITECH WIRELESS COMBO MK330  ( 920-003978 )', 39, 70);
INSERT INTO Componente (clave, descripcion, precio, CodTipo) VALUES ('TECL+RT-MK520', 'TECLADO+RATON LOGITECH WIRELESS COMBO MK520  ( 920-002607 )', 42, 70);
INSERT INTO Componente (clave, descripcion, precio, CodTipo) VALUES ('TECL-K39336', 'TECLADO + FUNDA K39336 KENSINTON PARA IPAD 1 Y/ IPAD 2   P/N K39336', 65, 66);
INSERT INTO Componente (clave, descripcion, precio, CodTipo) VALUES ('TECL-K39519', 'KEYFOLIO PRO 2 KENSINTON K39519 (  TECLADO BLUETOOTH + FUNDA TABLET 10.1 )  P/N K39519', 69, 66);
INSERT INTO Componente (clave, descripcion, precio, CodTipo) VALUES ('TECL-KW6000', 'TECLADO CHERRY KW6000 PARA IPAD ( BLUEETOOTH )  P/N JK-0600ES', 49, 66);
INSERT INTO Componente (clave, descripcion, precio, CodTipo) VALUES ('TECL-LOG-G13', 'TECLADO LOGITECH G13  P/N 920-000947', 99, 70);
INSERT INTO Componente (clave, descripcion, precio, CodTipo) VALUES ('TECL-LOG-K120', 'TECLADO LOGITECH K120 (NEGRO)(USB)  P/N 920-002518', 10, 70);
INSERT INTO Componente (clave, descripcion, precio, CodTipo) VALUES ('TECL-LOG-K200', 'TECLADO LOGITECH K200 (NEGRO)(USB)  P/N 920-002774', 12, 70);
INSERT INTO Componente (clave, descripcion, precio, CodTipo) VALUES ('TECL-LOG-K400', 'TECLADO WIRELESS  LOGITECH K400  ( 920-003115)', 45, 70);
INSERT INTO Componente (clave, descripcion, precio, CodTipo) VALUES ('TECL-TR-17189', 'TECLADO TRUST CLASSICLINE (  USB ) (NEGRO)  P/N 17189', 8, 70);
INSERT INTO Componente (clave, descripcion, precio, CodTipo) VALUES ('TECL-TR-MULTI', 'TECLADO TRUST MULTIMEDIA ( PS2 / USB )  P/N 16089', 9, 70);
INSERT INTO Componente (clave, descripcion, precio, CodTipo) VALUES ('TEL-A2-I8160', 'SMARTPHONE SAMSUNG GALAXY ACE 2 I8160  ( NEGRO )(  PANTALLA 3.8" TACTIL / CAMARA 5MPX. /  AN', 209, 62);
INSERT INTO Componente (clave, descripcion, precio, CodTipo) VALUES ('TEL-A-S6802-B', 'SMARTHPHONE SAMSUNG GALAXY ACE DUOS S6802  ( BLANCO )(  PANTALLA 3.5" TACTIL / CAMARA 5M', 165, 62);
INSERT INTO Componente (clave, descripcion, precio, CodTipo) VALUES ('TEL-M2-S6500D', 'TELEFONO SAMSUNG GALAXY MINI 2 S6500D  ( NEGRO )(  PANTALLA 3.3" TACTIL / CAMARA 3MPX. /  AND', 139, 62);
INSERT INTO Componente (clave, descripcion, precio, CodTipo) VALUES ('TEL-M-S5570-B', 'SMARTPHONE SAMSUNG GALAXY MINI  S5570  ( BLANCO )(  PANTALLA 3.14"  TACTIL / CAMARA 3MPX. / W', 119, 62);
INSERT INTO Componente (clave, descripcion, precio, CodTipo) VALUES ('TEL-M-S5570-N', 'SMARTPHONE SAMSUNG GALAXY MINI  S5570  ( NEGRO FRANJAS COLOR  VERDE LIMA )(  PANTALLA 3.1', 119, 62);
INSERT INTO Componente (clave, descripcion, precio, CodTipo) VALUES ('TEL-N2-N7100', 'TELEFONO SAMSUNG GALAXY NOTE 2  N7100  ( BLANCO )(  PANTALLA 5.55" TACTIL / CAMARA 8MPX. /  A', 549, 62);
INSERT INTO Componente (clave, descripcion, precio, CodTipo) VALUES ('TEL-S2-I9100', 'SMARTPHONE SAMSUNG GALAXY S2 I9100 ( NEGRO )(  PANTALLA 4.3" TACTIL / CAMARA 8MPX. /  ANDRO', 349, 62);
INSERT INTO Componente (clave, descripcion, precio, CodTipo) VALUES ('TEL-S2-I9100B', 'SMARTPHONE SAMSUNG GALAXY S2 I9100 ( BLANCO )(  PANTALLA 4.3" TACTIL / CAMARA 8MPX. /  ANDR', 349, 62);
INSERT INTO Componente (clave, descripcion, precio, CodTipo) VALUES ('TEL-S3-I8190', 'SMARTPHONE SAMSUNG GALAXY S3 I8190 MINI ( BLANCO )(  PANTALLA 4" TACTIL / CAMARA 5MPX. /  AN', 299, 62);
INSERT INTO Componente (clave, descripcion, precio, CodTipo) VALUES ('TEL-S3-I8190A', 'SMARTHPHONE  SAMSUNG GALAXY S3 I8190 MINI ( AZUL)(  PANTALLA 4" TACTIL / CAMARA 5MPX. /  AND', 299, 62);
INSERT INTO Componente (clave, descripcion, precio, CodTipo) VALUES ('TEL-S-S7562-B', 'SMARTPHONE SAMSUNG GALAXY S DUOS  S7562 ( BLANCO )(  PANTALLA 4" TACTIL / CAMARA 5MPX. /  A', 229, 62);
INSERT INTO Componente (clave, descripcion, precio, CodTipo) VALUES ('TEL-Y-S5360', 'SMARTHPHONE SAMSUNG GALAXY Y S5360(  PANTALLA 3" TACTIL / CAMARA 2MPX. / WIFI /  BLUETOOT', 109, 62);
INSERT INTO Componente (clave, descripcion, precio, CodTipo) VALUES ('TV-LG-26LT360', 'TV 26" LG 26LT360C   LED  /  HD', 299, 72);
INSERT INTO Componente (clave, descripcion, precio, CodTipo) VALUES ('TV-LG-32LS350', 'TV 32" LG 32LS3500  LED HD READY 100HZ', 299, 72);
INSERT INTO Componente (clave, descripcion, precio, CodTipo) VALUES ('TV-LG-32LS560', 'TV 32" LG 32LS5600  LED FULL HD  100HZ', 329, 72);
INSERT INTO Componente (clave, descripcion, precio, CodTipo) VALUES ('TV-LG-M1931D', 'MONITOR-TV 18.5" PANORAMICO LG M1931D-PZ', 149, 43);
INSERT INTO Componente (clave, descripcion, precio, CodTipo) VALUES ('TV-LG-M2232D', 'MONITOR-TV 21.5" PANORAMICO LG M2232D LED / FULL HD', 179, 43);
INSERT INTO Componente (clave, descripcion, precio, CodTipo) VALUES ('UPS-OV-CO780E', 'UPS OVISLINK 780VA COBALT780E  P/N COBALT780E', 49, 74);
INSERT INTO Componente (clave, descripcion, precio, CodTipo) VALUES ('UPS-RI-ID60', 'UPS RIELLO IDIALOG ID60 600VA', 55, 74);
INSERT INTO Componente (clave, descripcion, precio, CodTipo) VALUES ('UPS-RI-ID80', 'UPS RIELLO IDIALOG ID80 800VA', 65, 74);
INSERT INTO Componente (clave, descripcion, precio, CodTipo) VALUES ('UPS-RI-IDG120', 'UPS RIELLO IDIALOG IDG 1200 1200VA', 129, 74);
INSERT INTO Componente (clave, descripcion, precio, CodTipo) VALUES ('UPS-RI-IDG160', 'UPS 1600VA RIELLO IDG1600', 165, 74);
INSERT INTO Componente (clave, descripcion, precio, CodTipo) VALUES ('UPS-RI-IP60DE', 'UPS RIELLO IPLUG 60 DE600VA  P/N IPLUG 60 DE', 69, 74);
INSERT INTO Componente (clave, descripcion, precio, CodTipo) VALUES ('UPS-RI-IP800', 'UPS RIELLO  IPLUG 800  800VA  P/N IPLUG800', 79, 74);
INSERT INTO Componente (clave, descripcion, precio, CodTipo) VALUES ('UPS-RI-N2000', 'UPS RIELLO NET DIALOG NDG 2000 ( 2000VA )', 349, 74);
INSERT INTO Componente (clave, descripcion, precio, CodTipo) VALUES ('UPS-RI-NPW800', 'UPS RIELLO  NET POWER NPW800  800VA  P/N UPSNPW800DE', 89, 74);
INSERT INTO Componente (clave, descripcion, precio, CodTipo) VALUES ('UPS-SURT1000', 'UPS APC SMART RT 1000VA RM 230V ( SURT1000RMXLI )', 750, 74);
INSERT INTO Componente (clave, descripcion, precio, CodTipo) VALUES ('UPS-SURT192', 'BATERIA UPS SMART RT 192V RM ( SURT192RMLBP )', 957.65, 74);
INSERT INTO Componente (clave, descripcion, precio, CodTipo) VALUES ('UPS-SURT48', 'BATERIA UPS SMART RT 48V RM ( SURT48RMXLBP )', 615.25, 74);
INSERT INTO Componente (clave, descripcion, precio, CodTipo) VALUES ('UPS-SURTD3000', 'UPS APC SMART 3000VA  ( SURTD3000RMXLI )', 1490, 74);
INSERT INTO Componente (clave, descripcion, precio, CodTipo) VALUES ('VENT-G-PSU22L', 'VENTILADOR GIGABYTE G-POWER PRO 2  ( 24TPS-U22LBK-S1R )', 29, 76);
INSERT INTO Componente (clave, descripcion, precio, CodTipo) VALUES ('VENT-IN-478', 'VENTILADOR INTEL SOCKET 478 (LIQUIDACION )', 15, 76);
INSERT INTO Componente (clave, descripcion, precio, CodTipo) VALUES ('VENT-K8-2S', 'VENTILADOR FOXCONN  K8 2S ( AMD K8 / ATHLON 64 / SEMPRON )', 9, 76);
INSERT INTO Componente (clave, descripcion, precio, CodTipo) VALUES ('VENT-T-GELUL3', 'VENTILADOR TACENS GELUS LITE III+  ( SOKET 775/1155 / 1366/2011/ AMD K8/  AM2 / AM2+ /AM3 / AM3+ /FM', 29, 76);
INSERT INTO Componente (clave, descripcion, precio, CodTipo) VALUES ('VGA-210-P1', 'VGA GEFORCE 210 1GB.  PCI-EXPRESS ( GIGABYTE  )  P/N GV-N210SL-1GI / GV-N210D3-1GI', 29, 69);
INSERT INTO Componente (clave, descripcion, precio, CodTipo) VALUES ('VGA-6200-A-5', 'VGA GEFORCE 6200 512MB. AGP (  GIGABYTE / EVGA  )', 45, 68);
INSERT INTO Componente (clave, descripcion, precio, CodTipo) VALUES ('VGA-AS-210-P1', 'VGA ASUS GEFORCE 210 EN210 SILENT/DI/1GD3/V2(LP) 1GB DDR3 PCIE2.0  P/N 90-C1CP6Z-L0UANAYZ', 29, 69);
INSERT INTO Componente (clave, descripcion, precio, CodTipo) VALUES ('VGA-AS-250-P1', 'VGA  ASUS GEFORCE ENGTS250 1GB.DDR3  PCI-EXPRESS', 79, 69);
INSERT INTO Componente (clave, descripcion, precio, CodTipo) VALUES ('VGA-AS-610-P1', 'VGA  ASUS GEFORCE GT610 1GB GDDR3.  PCI-EXPRESS', 39, 69);
INSERT INTO Componente (clave, descripcion, precio, CodTipo) VALUES ('VGA-AS-610-P2', 'VGA  ASUS GEFORCE GT610 2GB GDDR3.  PCI-EXPRESS  P/N 90-C1CSC0-SOUANABZ', 49, 69);
INSERT INTO Componente (clave, descripcion, precio, CodTipo) VALUES ('VGA-AS-630-P2', 'VGA  ASUS GEFORCE GT630 2GB GDDR3.  PCI-EXPRESS', 65, 69);
INSERT INTO Componente (clave, descripcion, precio, CodTipo) VALUES ('VGA-AS-640-P2', 'VGA  ASUS GEFORCE GT640 2GB DDR3.  PCI-EXPRESS  P/N 90-C1CSB0-SOUANOYZ', 89, 69);
INSERT INTO Componente (clave, descripcion, precio, CodTipo) VALUES ('VGA-AS-650-P1', 'VGA  ASUS GEFORCE GTX650 1GB GDDR5.  PCI-EXPRESS  P/N 90YV0380-MONA00', 129, 69);
INSERT INTO Componente (clave, descripcion, precio, CodTipo) VALUES ('VGA-AS-650-P2', 'VGA  ASUS GEFORCE GTX650-E-2GD5 2GB GDDR5.  PCI-EXPRESS  P/N 90YV03I0-MONA00', 129, 69);
INSERT INTO Componente (clave, descripcion, precio, CodTipo) VALUES ('VGA-AS-660-P2', 'VGA  ASUS GEFORCE GTX660   DC2-2GD52GB GDDR5.  PCI-EXPRESS  P/N 90YV0390-M0NA00', 229, 69);
INSERT INTO Componente (clave, descripcion, precio, CodTipo) VALUES ('VGA-AS-660TI2', 'VGA  ASUS GEFORCE GTX660TI 2GB DDR5.  PCI-EXPRESS', 299, 69);
INSERT INTO Componente (clave, descripcion, precio, CodTipo) VALUES ('VGA-GT610-P1', 'VGA GEFORCE GT610 1GB. DDR3  PCI-EXPRESS ( GIGABYTE  )  P/N GV-N610SL-1GI / GV-N610D3-1GI', 39, 69);
INSERT INTO Componente (clave, descripcion, precio, CodTipo) VALUES ('VGA-GT610-P2', 'VGA GEFORCE GT610 2GB. DDR3  PCI-EXPRESS ( GIGABYTE  )  P/N GV-N610D3-2GI', 45, 69);
INSERT INTO Componente (clave, descripcion, precio, CodTipo) VALUES ('VGA-GT620-P1', 'VGA GEFORCE GT620 1GB.DDR3  PCI-EXPRESS ( GIGABYTE  )  P/N GVN620D3GL-00-G', 49, 69);
INSERT INTO Componente (clave, descripcion, precio, CodTipo) VALUES ('VGA-GT630-P1', 'VGA GEFORCE GT630 1GB.DDR3  PCI-EXPRESS ( GIGABYTE  )  P/N GV-N630-1GI', 59, 69);
INSERT INTO Componente (clave, descripcion, precio, CodTipo) VALUES ('VGA-GT630-P2', 'VGA GEFORCE GT630 2GB.DDR3  PCI-EXPRESS ( GIGABYTE  )  P/N GV-N630-2GI', 59, 69);
INSERT INTO Componente (clave, descripcion, precio, CodTipo) VALUES ('VGA-GT640-P2', 'VGA GT640 2GB DDR3  ( GIGABYTE )  P/N GVN640O2GI-00-G', 89, 69);
INSERT INTO Componente (clave, descripcion, precio, CodTipo) VALUES ('VGA-GTX260-89', 'VGA GTX260 896MB GDDR3 ( GIGABYTE )', 72, 69);
INSERT INTO Componente (clave, descripcion, precio, CodTipo) VALUES ('VGA-GTX650-P1', 'VGA GEFORCE GTX650 1GB. DDR5 PCI-EXPRESS ( GIGABYTE )  P/N GV-650OC-1GI / GVN650OGI-00-G', 119, 69);
INSERT INTO Componente (clave, descripcion, precio, CodTipo) VALUES ('VGA-GTX650-P2', 'VGA GEFORCE GTX650 2GB. DDR5 PCI-EXPRESS ( GIGABYTE )  P/N GV-650OC-2GI', 129, 69);
INSERT INTO Componente (clave, descripcion, precio, CodTipo) VALUES ('VGA-GTX650TI2', 'VGA GEFORCE GTX650TI 2GB. DDR5 PCI-EXPRESS ( GIGABYTE / EVGA )  P/N GV-65TOC-2GI/ 02G-P4-3651', 175, 69);
INSERT INTO Componente (clave, descripcion, precio, CodTipo) VALUES ('VGA-GTX660-P2', 'VGA GEFORCE GTX660 2GB.  PCI-EXPRESS ( GIGABYTE / EGA  )  P/N GV-660OC-2GD / 02G-P4-2660-KR', 209, 69);
INSERT INTO Componente (clave, descripcion, precio, CodTipo) VALUES ('VGA-GTX660TI2', 'VGA GEFORCE GTX660TI 2GB. DDR5 PCI-EXPRESS ( GIGABYTE )', 289, 69);
INSERT INTO Componente (clave, descripcion, precio, CodTipo) VALUES ('VGA-GTX670-P2', 'VGA GEFORCE GTX670 2GB. PCI-EXPRESS ( GIGABYTE )  P/N GV-670OC-2GD', 399, 69);
INSERT INTO Componente (clave, descripcion, precio, CodTipo) VALUES ('VISOR-PD2300U', 'VISOR POSIFLEX PD2300UC (PRODUCTO EN LIQUIDACION)', 99, 71);
INSERT INTO Componente (clave, descripcion, precio, CodTipo) VALUES ('WI-LOG-MU-MP3', 'WIRELESS LOGITECH MUSIC SYSTEM POR IPOD/MP3  ( 980441-0914)', 29, 67);
INSERT INTO Componente (clave, descripcion, precio, CodTipo) VALUES ('WIN2003-5LICE', 'PACK 5 LICENCIAS PARA WINDOWS 2003 SERVER', 129, 63);
INSERT INTO Componente (clave, descripcion, precio, CodTipo) VALUES ('WIN7-32-PR-O', 'WINDOWS 7 PRO OEM ( 32 BITS )', 139, 63);
INSERT INTO Componente (clave, descripcion, precio, CodTipo) VALUES ('WIN7-64-HP-O', 'WINDOWS 7  HOME PREMIUM OEM ( 64 BITS )', 99, 63);
INSERT INTO Componente (clave, descripcion, precio, CodTipo) VALUES ('WIN7-64-PR-O', 'WINDOWS 7 PRO OEM ( 64 BITS )', 139, 63);
INSERT INTO Componente (clave, descripcion, precio, CodTipo) VALUES ('WIN8-64-HP-O', 'WINDOWS 8  64 BIT OEM', 99, 63);
INSERT INTO Componente (clave, descripcion, precio, CodTipo) VALUES ('WIN8-64-PR-O', 'WINDOWS 8 PRO 64 BIT OEM', 139, 63);
INSERT INTO Componente (clave, descripcion, precio, CodTipo) VALUES ('WIN8-PRO-ACT', 'WINDOWS 8 PRO ( ACTUALIZACION )  P/N 3UR-00039', 59, 63);
INSERT INTO Componente (clave, descripcion, precio, CodTipo) VALUES ('WINVIS-BU-O-I', 'WINDOWS VISTA BUSINESS OEM (INGLES)  (32 BIT )', 79, 63);
INSERT INTO Componente (clave, descripcion, precio, CodTipo) VALUES ('WINVIS-UL-O-I', 'WINDOWS VISTA ULTIMATE OEM (32 BIT ) INGLES', 109, 63);
INSERT INTO Componente (clave, descripcion, precio, CodTipo) VALUES ('XBOX-250+BAT', 'XBOX 360 250GB + BATMAN', 189, 17);
INSERT INTO Componente (clave, descripcion, precio, CodTipo) VALUES ('ZA-MINDVBZP', 'ZAAPA ZT-MINDVBZP SINTONIZADORA TDT DVB-T TUNER (USB)  P/N ZT-MINVBZP', 15, 14);
INSERT INTO Componente (clave, descripcion, precio, CodTipo) VALUES ('ZE-GK420T', 'ZEBRA GK420T', 399, 71);
-- 820 records


--
-- Dumping data for table 'Factura'
--

INSERT INTO Factura (NFactura, Fecha, Cliente, idTienda) VALUES (1, '2013-05-02 00:00:00', 'Juan', 3);
INSERT INTO Factura (NFactura, Fecha, Cliente, idTienda) VALUES (2, '2013-05-02 00:00:00', 'María', 2);
INSERT INTO Factura (NFactura, Fecha, Cliente, idTienda) VALUES (3, '2013-05-03 00:00:00', 'Antonio', 4);
INSERT INTO Factura (NFactura, Fecha, Cliente, idTienda) VALUES (4, '2013-04-15 00:00:00', 'Francisco', 6);
INSERT INTO Factura (NFactura, Fecha, Cliente, idTienda) VALUES (5, '2013-03-17 00:00:00', 'Alicia', 1);
INSERT INTO Factura (NFactura, Fecha, Cliente, idTienda) VALUES (6, '2013-05-04 00:00:00', 'Jorge', 4);
INSERT INTO Factura (NFactura, Fecha, Cliente, idTienda) VALUES (7, '2013-03-14 00:00:00', 'Fernando', 3);
INSERT INTO Factura (NFactura, Fecha, Cliente, idTienda) VALUES (8, '2013-05-06 00:00:00', 'Ana', 5);
INSERT INTO Factura (NFactura, Fecha, Cliente, idTienda) VALUES (9, '2013-04-14 00:00:00', 'Alba', 1);
INSERT INTO Factura (NFactura, Fecha, Cliente, idTienda) VALUES (10, '2013-01-21 00:00:00', 'Teresa', 2);
INSERT INTO Factura (NFactura, Fecha, Cliente, idTienda) VALUES (11, '2013-04-03 00:00:00', 'Luis', 5);
INSERT INTO Factura (NFactura, Fecha, Cliente, idTienda) VALUES (12, '2013-02-13 00:00:00', 'Raquel', 1);
INSERT INTO Factura (NFactura, Fecha, Cliente, idTienda) VALUES (13, '2013-04-25 00:00:00', 'Paco', 6);
INSERT INTO Factura (NFactura, Fecha, Cliente, idTienda) VALUES (14, '2013-01-18 00:00:00', 'Diego', 4);
INSERT INTO Factura (NFactura, Fecha, Cliente, idTienda) VALUES (15, '2013-04-09 00:00:00', 'Eduardo', 2);
INSERT INTO Factura (NFactura, Fecha, Cliente, idTienda) VALUES (16, '2013-05-01 00:00:00', 'Carlota', 3);
INSERT INTO Factura (NFactura, Fecha, Cliente, idTienda) VALUES (17, '2012-12-11 00:00:00', 'Sara', 1);
INSERT INTO Factura (NFactura, Fecha, Cliente, idTienda) VALUES (18, '2012-12-27 00:00:00', 'Patricia', 1);
INSERT INTO Factura (NFactura, Fecha, Cliente, idTienda) VALUES (19, '2013-02-19 00:00:00', 'Alejandro', 2);
INSERT INTO Factura (NFactura, Fecha, Cliente, idTienda) VALUES (20, '2013-01-10 00:00:00', 'Pablo', 6);
INSERT INTO Factura (NFactura, Fecha, Cliente, idTienda) VALUES (21, '2013-05-03 00:00:00', 'Blanca', 2);
INSERT INTO Factura (NFactura, Fecha, Cliente, idTienda) VALUES (22, '2013-04-17 00:00:00', 'Macarena', 4);
INSERT INTO Factura (NFactura, Fecha, Cliente, idTienda) VALUES (23, '2013-04-03 00:00:00', 'Álvaro', 4);
INSERT INTO Factura (NFactura, Fecha, Cliente, idTienda) VALUES (24, '2013-03-04 00:00:00', 'Sergio', 5);
INSERT INTO Factura (NFactura, Fecha, Cliente, idTienda) VALUES (25, '2013-02-08 00:00:00', 'Eduardo', 1);
INSERT INTO Factura (NFactura, Fecha, Cliente, idTienda) VALUES (26, '2013-03-05 00:00:00', 'Lucía', 5);
INSERT INTO Factura (NFactura, Fecha, Cliente, idTienda) VALUES (27, '2013-02-16 00:00:00', 'Gabriel', 2);
INSERT INTO Factura (NFactura, Fecha, Cliente, idTienda) VALUES (28, '2013-02-12 00:00:00', 'Adrián', 5);
INSERT INTO Factura (NFactura, Fecha, Cliente, idTienda) VALUES (29, '2013-05-01 00:00:00', 'Sebastián', 5);
INSERT INTO Factura (NFactura, Fecha, Cliente, idTienda) VALUES (30, '2013-03-08 00:00:00', 'Laura', 2);
INSERT INTO Factura (NFactura, Fecha, Cliente, idTienda) VALUES (31, '2013-01-11 00:00:00', 'Claudia', 3);
INSERT INTO Factura (NFactura, Fecha, Cliente, idTienda) VALUES (32, '2013-04-10 00:00:00', 'Alberto', 3);
INSERT INTO Factura (NFactura, Fecha, Cliente, idTienda) VALUES (33, '2013-04-12 00:00:00', 'Ana', 1);
INSERT INTO Factura (NFactura, Fecha, Cliente, idTienda) VALUES (34, '2013-03-21 00:00:00', 'Pedro', 3);
INSERT INTO Factura (NFactura, Fecha, Cliente, idTienda) VALUES (35, '2013-04-19 00:00:00', 'Jose', 5);
INSERT INTO Factura (NFactura, Fecha, Cliente, idTienda) VALUES (36, '2013-05-02 00:00:00', 'María', 6);
INSERT INTO Factura (NFactura, Fecha, Cliente, idTienda) VALUES (37, '2013-05-07 00:00:00', 'Juan', 4);
INSERT INTO Factura (NFactura, Fecha, Cliente, idTienda) VALUES (38, '2013-02-14 00:00:00', 'Pepe', 5);
INSERT INTO Factura (NFactura, Fecha, Cliente, idTienda) VALUES (39, '2013-04-18 00:00:00', 'Sara', 1);
INSERT INTO Factura (NFactura, Fecha, Cliente, idTienda) VALUES (40, '2013-03-16 00:00:00', 'Natalia', 3);
INSERT INTO Factura (NFactura, Fecha, Cliente, idTienda) VALUES (41, '2013-03-23 00:00:00', 'Pablo', 6);
INSERT INTO Factura (NFactura, Fecha, Cliente, idTienda) VALUES (42, '2013-03-18 00:00:00', 'Fernando', 2);
INSERT INTO Factura (NFactura, Fecha, Cliente, idTienda) VALUES (43, '2013-01-31 00:00:00', 'Rubén', 6);
INSERT INTO Factura (NFactura, Fecha, Cliente, idTienda) VALUES (44, '2013-04-01 00:00:00', 'Laura', 6);
INSERT INTO Factura (NFactura, Fecha, Cliente, idTienda) VALUES (45, '2012-12-17 00:00:00', 'Javier', 1);
INSERT INTO Factura (NFactura, Fecha, Cliente, idTienda) VALUES (46, '2013-02-04 00:00:00', 'Kevin', 2);
INSERT INTO Factura (NFactura, Fecha, Cliente, idTienda) VALUES (47, '2013-01-17 00:00:00', 'Celia', 3);
INSERT INTO Factura (NFactura, Fecha, Cliente, idTienda) VALUES (48, '2013-04-04 00:00:00', 'Lucía', 4);
INSERT INTO Factura (NFactura, Fecha, Cliente, idTienda) VALUES (49, '2013-01-02 00:00:00', 'Sergio', 6);
INSERT INTO Factura (NFactura, Fecha, Cliente, idTienda) VALUES (50, '2013-05-04 00:00:00', 'Carlos', 4);
-- 50 records



--
-- Dumping data for table 'FacturaComponente'
--

INSERT INTO FacturaComponente (Id, NFactura, CodComponente, Referencia, Cantidad, PrecioAplicado) VALUES (1, 1, 'BOBINA-305-C5', 'A2345', 1, 59);
INSERT INTO FacturaComponente (Id, NFactura, CodComponente, Referencia, Cantidad, PrecioAplicado) VALUES (2, 2, 'ACER-X1240', 'CSD342132', 1, 379);
INSERT INTO FacturaComponente (Id, NFactura, CodComponente, Referencia, Cantidad, PrecioAplicado) VALUES (3, 2, 'BR-MFC-J825DW', 'BR004456', 1, 179);
INSERT INTO FacturaComponente (Id, NFactura, CodComponente, Referencia, Cantidad, PrecioAplicado) VALUES (4, 3, 'ALM-RATON', NULL, 10, 1);
INSERT INTO FacturaComponente (Id, NFactura, CodComponente, Referencia, Cantidad, PrecioAplicado) VALUES (5, 4, 'BOLSA-Z0105', NULL, 2, 12);
INSERT INTO FacturaComponente (Id, NFactura, CodComponente, Referencia, Cantidad, PrecioAplicado) VALUES (6, 4, 'BLU-LG-BP40NS', 'E57TP9C1', 1, 99);
INSERT INTO FacturaComponente (Id, NFactura, CodComponente, Referencia, Cantidad, PrecioAplicado) VALUES (7, 5, 'ACER-M1935-08', 'A67E91DF', 1, 429);
INSERT INTO FacturaComponente (Id, NFactura, CodComponente, Referencia, Cantidad, PrecioAplicado) VALUES (8, 5, 'ANT-PA-GL13-1', NULL, 1, 15);
INSERT INTO FacturaComponente (Id, NFactura, CodComponente, Referencia, Cantidad, PrecioAplicado) VALUES (9, 5, 'JU-PS3-UNCHAR', NULL, 1, 19);
INSERT INTO FacturaComponente (Id, NFactura, CodComponente, Referencia, Cantidad, PrecioAplicado) VALUES (10, 6, 'RT-LOG-M305-M', NULL, 2, 19);
INSERT INTO FacturaComponente (Id, NFactura, CodComponente, Referencia, Cantidad, PrecioAplicado) VALUES (11, 7, 'DVD-R-MINI-VE', NULL, 20, 1);
INSERT INTO FacturaComponente (Id, NFactura, CodComponente, Referencia, Cantidad, PrecioAplicado) VALUES (12, 7, 'ALT-LOG-Z120', NULL, 1, 15);
INSERT INTO FacturaComponente (Id, NFactura, CodComponente, Referencia, Cantidad, PrecioAplicado) VALUES (13, 8, 'BR-ADS2600W', NULL, 1, 589);
INSERT INTO FacturaComponente (Id, NFactura, CodComponente, Referencia, Cantidad, PrecioAplicado) VALUES (14, 9, 'CARRO-LA-M32V', 'DS139EF7R', 1, 1200);
INSERT INTO FacturaComponente (Id, NFactura, CodComponente, Referencia, Cantidad, PrecioAplicado) VALUES (15, 10, 'BLU-TR-18187', NULL, 1, 15);
INSERT INTO FacturaComponente (Id, NFactura, CodComponente, Referencia, Cantidad, PrecioAplicado) VALUES (16, 10, 'DVD-RG-SE208N', NULL, 1, 35);
INSERT INTO FacturaComponente (Id, NFactura, CodComponente, Referencia, Cantidad, PrecioAplicado) VALUES (17, 11, 'IPAD3-MC706TY', 'WQ23R412D', 1, 566);
INSERT INTO FacturaComponente (Id, NFactura, CodComponente, Referencia, Cantidad, PrecioAplicado) VALUES (18, 12, 'ZE-GK420T', 'ED9R0I7FG', 1, 399);
INSERT INTO FacturaComponente (Id, NFactura, CodComponente, Referencia, Cantidad, PrecioAplicado) VALUES (19, 12, 'ADAP-2.5-3.5', NULL, 3, 4);
INSERT INTO FacturaComponente (Id, NFactura, CodComponente, Referencia, Cantidad, PrecioAplicado) VALUES (20, 13, 'TEL-M2-S6500D', 'KJ7U854ED', 1, 139);
INSERT INTO FacturaComponente (Id, NFactura, CodComponente, Referencia, Cantidad, PrecioAplicado) VALUES (21, 13, 'VENT-IN-478', NULL, 1, 15);
INSERT INTO FacturaComponente (Id, NFactura, CodComponente, Referencia, Cantidad, PrecioAplicado) VALUES (22, 14, 'ANT-KAINT13-1', NULL, 1, 33);
INSERT INTO FacturaComponente (Id, NFactura, CodComponente, Referencia, Cantidad, PrecioAplicado) VALUES (23, 15, 'CANON-MG5450', 'D7VNM87C9', 1, 119);
INSERT INTO FacturaComponente (Id, NFactura, CodComponente, Referencia, Cantidad, PrecioAplicado) VALUES (24, 16, 'XBOX-250+BAT', 'D8IV7AA66', 1, 189);
INSERT INTO FacturaComponente (Id, NFactura, CodComponente, Referencia, Cantidad, PrecioAplicado) VALUES (25, 16, 'TECL-TR-17189', NULL, 1, 8);
INSERT INTO FacturaComponente (Id, NFactura, CodComponente, Referencia, Cantidad, PrecioAplicado) VALUES (26, 17, 'GA-3D-AC-E1B', '3F5TY7U89', 1, 59);
INSERT INTO FacturaComponente (Id, NFactura, CodComponente, Referencia, Cantidad, PrecioAplicado) VALUES (27, 18, 'EPS-LQ300+II', 'D900K8M23', 1, 275);
INSERT INTO FacturaComponente (Id, NFactura, CodComponente, Referencia, Cantidad, PrecioAplicado) VALUES (28, 18, 'RT-LOG-M325-A', NULL, 2, 15);
INSERT INTO FacturaComponente (Id, NFactura, CodComponente, Referencia, Cantidad, PrecioAplicado) VALUES (29, 19, 'CONFIG3', 'B7T34R1D0', 1, 539);
INSERT INTO FacturaComponente (Id, NFactura, CodComponente, Referencia, Cantidad, PrecioAplicado) VALUES (30, 20, 'CD-VIRG-700-M', NULL, 30, .5);
INSERT INTO FacturaComponente (Id, NFactura, CodComponente, Referencia, Cantidad, PrecioAplicado) VALUES (31, 21, 'ALT-LOG-Z523', 'FE74D568C', 1, 89);
INSERT INTO FacturaComponente (Id, NFactura, CodComponente, Referencia, Cantidad, PrecioAplicado) VALUES (32, 22, 'CAB-USBX2PS2', NULL, 1, 6);
INSERT INTO FacturaComponente (Id, NFactura, CodComponente, Referencia, Cantidad, PrecioAplicado) VALUES (33, 22, 'ALM-RA-REP-N', NULL, 1, 9);
INSERT INTO FacturaComponente (Id, NFactura, CodComponente, Referencia, Cantidad, PrecioAplicado) VALUES (34, 23, 'HP-OFF-8600PL', 'FG2E6CNN1', 1, 239);
INSERT INTO FacturaComponente (Id, NFactura, CodComponente, Referencia, Cantidad, PrecioAplicado) VALUES (35, 24, 'UPS-SURT192', 'DF5G6310W', 1, 957.65);
INSERT INTO FacturaComponente (Id, NFactura, CodComponente, Referencia, Cantidad, PrecioAplicado) VALUES (36, 24, 'ALM-RATON', NULL, 4, 1);
INSERT INTO FacturaComponente (Id, NFactura, CodComponente, Referencia, Cantidad, PrecioAplicado) VALUES (37, 25, 'CAB-AUDIO-CD', NULL, 3, 1);
INSERT INTO FacturaComponente (Id, NFactura, CodComponente, Referencia, Cantidad, PrecioAplicado) VALUES (38, 26, 'BLU-TR-18187', NULL, 1, 15);
INSERT INTO FacturaComponente (Id, NFactura, CodComponente, Referencia, Cantidad, PrecioAplicado) VALUES (39, 26, 'BR-MF-9460CDN', 'F4D22SGR5', 1, 569);
INSERT INTO FacturaComponente (Id, NFactura, CodComponente, Referencia, Cantidad, PrecioAplicado) VALUES (40, 27, 'CAB-DVI/VGA-1', NULL, 2, 6);
INSERT INTO FacturaComponente (Id, NFactura, CodComponente, Referencia, Cantidad, PrecioAplicado) VALUES (41, 27, 'ANT-NO-VI12-3', NULL, 1, 12);
INSERT INTO FacturaComponente (Id, NFactura, CodComponente, Referencia, Cantidad, PrecioAplicado) VALUES (42, 27, 'FUNDA-TAB10-B', NULL, 1, 12);
INSERT INTO FacturaComponente (Id, NFactura, CodComponente, Referencia, Cantidad, PrecioAplicado) VALUES (43, 28, 'ACER-C120', 'FCVG4D21K', 1, 219);
INSERT INTO FacturaComponente (Id, NFactura, CodComponente, Referencia, Cantidad, PrecioAplicado) VALUES (44, 29, 'ADAP-2.5-3.5', NULL, 5, 4);
INSERT INTO FacturaComponente (Id, NFactura, CodComponente, Referencia, Cantidad, PrecioAplicado) VALUES (45, 30, 'DK-1.44F-VERB', NULL, 50, .3);
INSERT INTO FacturaComponente (Id, NFactura, CodComponente, Referencia, Cantidad, PrecioAplicado) VALUES (46, 30, 'ADAP-SCART', NULL, 1, 6);
INSERT INTO FacturaComponente (Id, NFactura, CodComponente, Referencia, Cantidad, PrecioAplicado) VALUES (47, 31, 'MINIDI-16G-FI', NULL, 1, 10.9);
INSERT INTO FacturaComponente (Id, NFactura, CodComponente, Referencia, Cantidad, PrecioAplicado) VALUES (48, 32, 'ADAP-2.5-3.5', NULL, 1, 4);
INSERT INTO FacturaComponente (Id, NFactura, CodComponente, Referencia, Cantidad, PrecioAplicado) VALUES (49, 33, 'CARG-TR-120W', NULL, 1, 29);
INSERT INTO FacturaComponente (Id, NFactura, CodComponente, Referencia, Cantidad, PrecioAplicado) VALUES (50, 34, 'CAB-UTP-15', NULL, 2, 10);
INSERT INTO FacturaComponente (Id, NFactura, CodComponente, Referencia, Cantidad, PrecioAplicado) VALUES (51, 34, 'ACER-XC600-16', 'F56Y20BN1', 1, 399);
INSERT INTO FacturaComponente (Id, NFactura, CodComponente, Referencia, Cantidad, PrecioAplicado) VALUES (52, 35, 'HP-A2J95EA', 'P9XLL1I17', 1, 599);
INSERT INTO FacturaComponente (Id, NFactura, CodComponente, Referencia, Cantidad, PrecioAplicado) VALUES (53, 36, 'CAB-USB2-1-AL', NULL, 1, 2);
INSERT INTO FacturaComponente (Id, NFactura, CodComponente, Referencia, Cantidad, PrecioAplicado) VALUES (54, 37, 'FUENTE-A-750A', 'FG2A3QW78', 1, 95);
INSERT INTO FacturaComponente (Id, NFactura, CodComponente, Referencia, Cantidad, PrecioAplicado) VALUES (55, 38, 'ALM-RATON', NULL, 1, 1);
INSERT INTO FacturaComponente (Id, NFactura, CodComponente, Referencia, Cantidad, PrecioAplicado) VALUES (56, 39, 'TV-LG-26LT360', 'FP9N8377D', 1, 299);
INSERT INTO FacturaComponente (Id, NFactura, CodComponente, Referencia, Cantidad, PrecioAplicado) VALUES (57, 40, 'WIN8-64-HP-O', 'WP6I62C95', 1, 99);
INSERT INTO FacturaComponente (Id, NFactura, CodComponente, Referencia, Cantidad, PrecioAplicado) VALUES (58, 40, 'JU-PS3-UNCHAR', NULL, 1, 19);
INSERT INTO FacturaComponente (Id, NFactura, CodComponente, Referencia, Cantidad, PrecioAplicado) VALUES (59, 41, 'HP-LAS-M451DN', 'CN2I37LA1', 1, 419);
INSERT INTO FacturaComponente (Id, NFactura, CodComponente, Referencia, Cantidad, PrecioAplicado) VALUES (60, 42, 'HP-458344-421', 'PJ17C499B', 1, 2350);
INSERT INTO FacturaComponente (Id, NFactura, CodComponente, Referencia, Cantidad, PrecioAplicado) VALUES (61, 43, 'EPS-EB475WI', 'D5N71O91C', 1, 1700);
INSERT INTO FacturaComponente (Id, NFactura, CodComponente, Referencia, Cantidad, PrecioAplicado) VALUES (62, 44, 'ANT-NO-VI09-3', NULL, 1, 8);
INSERT INTO FacturaComponente (Id, NFactura, CodComponente, Referencia, Cantidad, PrecioAplicado) VALUES (63, 44, 'BLU-RE-MEM', NULL, 5, 2.9);
INSERT INTO FacturaComponente (Id, NFactura, CodComponente, Referencia, Cantidad, PrecioAplicado) VALUES (64, 45, 'BOLSA-SYSWER', NULL, 1, 10);
INSERT INTO FacturaComponente (Id, NFactura, CodComponente, Referencia, Cantidad, PrecioAplicado) VALUES (65, 46, 'BR-DCP-7065DN', 'GH7T61NN6', 1, 169);
INSERT INTO FacturaComponente (Id, NFactura, CodComponente, Referencia, Cantidad, PrecioAplicado) VALUES (66, 47, 'ALM-RA-REP-A', NULL, 5, 9);
INSERT INTO FacturaComponente (Id, NFactura, CodComponente, Referencia, Cantidad, PrecioAplicado) VALUES (67, 48, 'WIN8-PRO-ACT', 'FHT8Y431V', 2, 59);
INSERT INTO FacturaComponente (Id, NFactura, CodComponente, Referencia, Cantidad, PrecioAplicado) VALUES (68, 49, 'BLU-TR-18187', NULL, 1, 15);
INSERT INTO FacturaComponente (Id, NFactura, CodComponente, Referencia, Cantidad, PrecioAplicado) VALUES (69, 50, 'CAJA-10350002', NULL, 1, 29);
-- 69 records



--
-- Dumping data for table 'Tienda'
--

INSERT INTO Tienda (IdTienda, NombreTienda, Direccion, Localidad, Telefono) VALUES (1, 'Tienda PC1', 'C/Primera nº 1', 'S/C de Tenerife', '922111111');
INSERT INTO Tienda (IdTienda, NombreTienda, Direccion, Localidad, Telefono) VALUES (2, 'Tienda PC2', 'C/Segunda nº 2', 'S/C de Tenerife', '922222222');
INSERT INTO Tienda (IdTienda, NombreTienda, Direccion, Localidad, Telefono) VALUES (3, 'Tienda PC3', 'C/Tercera nº 3', 'La Laguna', '922333333');
INSERT INTO Tienda (IdTienda, NombreTienda, Direccion, Localidad, Telefono) VALUES (4, 'Tienda PC4', 'C/Cuarta nº 4', 'La Laguna', '922444444');
INSERT INTO Tienda (IdTienda, NombreTienda, Direccion, Localidad, Telefono) VALUES (5, 'Tienda PC5', 'C/Quinta nº 5', 'Puerto de la Cruz', '922555555');
INSERT INTO Tienda (IdTienda, NombreTienda, Direccion, Localidad, Telefono) VALUES (6, 'Tienda PC6', 'C/Sexta nº 6', 'Los Cristianos', '922666666');
-- 6 records


--
-- Dumping data for table 'TipoComponente'
--

INSERT INTO TipoComponente (CodTipo, Tipo) VALUES (1, 'ALTAVOCES');
INSERT INTO TipoComponente (CodTipo, Tipo) VALUES (2, 'BROTHER - MULTIFUNCION LASER MONOCROMO');
INSERT INTO TipoComponente (CodTipo, Tipo) VALUES (3, 'BROTHER ( MULTIFUNCIONES CHORRO DE TINTA )');
INSERT INTO TipoComponente (CodTipo, Tipo) VALUES (4, 'BROTHER IMPRESORAS LASER COLOR');
INSERT INTO TipoComponente (CodTipo, Tipo) VALUES (5, 'BROTHER: FAX');
INSERT INTO TipoComponente (CodTipo, Tipo) VALUES (6, 'BROTHER: IMPRESORAS LASER MONOCROMO');
INSERT INTO TipoComponente (CodTipo, Tipo) VALUES (7, 'BROTHER: MULTIFUNCION LASER COLOR');
INSERT INTO TipoComponente (CodTipo, Tipo) VALUES (8, 'BROTHER: ROTULADORAS');
INSERT INTO TipoComponente (CodTipo, Tipo) VALUES (9, 'CABLES Y ADAPTADORES');
INSERT INTO TipoComponente (CodTipo, Tipo) VALUES (10, 'CALCULADORAS');
INSERT INTO TipoComponente (CodTipo, Tipo) VALUES (11, 'CAMARAS DIGITALES / MARCO DIGITAL');
INSERT INTO TipoComponente (CodTipo, Tipo) VALUES (12, 'CAMARAS Y TELEFONOS IP');
INSERT INTO TipoComponente (CodTipo, Tipo) VALUES (13, 'CANON: MULTIFUNCIONES CHORRO DE TINTA');
INSERT INTO TipoComponente (CodTipo, Tipo) VALUES (14, 'CAPTURADORAS DE TV');
INSERT INTO TipoComponente (CodTipo, Tipo) VALUES (15, 'CARCASAS');
INSERT INTO TipoComponente (CodTipo, Tipo) VALUES (16, 'CONSOLAS MICROSOFT XBOX 360');
INSERT INTO TipoComponente (CodTipo, Tipo) VALUES (17, 'CONSOLAS MICROSOFT XBOX 361');
INSERT INTO TipoComponente (CodTipo, Tipo) VALUES (18, 'CONSOLAS NINTENDO');
INSERT INTO TipoComponente (CodTipo, Tipo) VALUES (19, 'CONTROLADORAS Y ADAPTADORES');
INSERT INTO TipoComponente (CodTipo, Tipo) VALUES (20, 'DAT / LTO');
INSERT INTO TipoComponente (CodTipo, Tipo) VALUES (21, 'DISCOS DUROS');
INSERT INTO TipoComponente (CodTipo, Tipo) VALUES (22, 'DISCOS DUROS EXTERNOS');
INSERT INTO TipoComponente (CodTipo, Tipo) VALUES (23, 'DISCOS SSD');
INSERT INTO TipoComponente (CodTipo, Tipo) VALUES (24, 'DISQUETERAS');
INSERT INTO TipoComponente (CodTipo, Tipo) VALUES (25, 'DVD SOBREMESA Y TDT SOBREMESA/DVD 7"');
INSERT INTO TipoComponente (CodTipo, Tipo) VALUES (26, 'EPSON: CHORRO DE TINTA');
INSERT INTO TipoComponente (CodTipo, Tipo) VALUES (27, 'EPSON: MATRICIALES');
INSERT INTO TipoComponente (CodTipo, Tipo) VALUES (28, 'ESCANERS');
INSERT INTO TipoComponente (CodTipo, Tipo) VALUES (29, 'FUENTES DE ALIMENTACION');
INSERT INTO TipoComponente (CodTipo, Tipo) VALUES (30, 'HP : MULTIFUNCIONES');
INSERT INTO TipoComponente (CodTipo, Tipo) VALUES (31, 'HUB USB');
INSERT INTO TipoComponente (CodTipo, Tipo) VALUES (32, 'IMPRESORAS LASER COLOR HP');
INSERT INTO TipoComponente (CodTipo, Tipo) VALUES (33, 'IMPRESORAS LASER HP');
INSERT INTO TipoComponente (CodTipo, Tipo) VALUES (34, 'JOYSTICKS/PAD/VOLANTES');
INSERT INTO TipoComponente (CodTipo, Tipo) VALUES (35, 'JUEGOS PLAYSTATION 3');
INSERT INTO TipoComponente (CodTipo, Tipo) VALUES (36, 'LECTORES Y GRABADORES DE CD/DVD');
INSERT INTO TipoComponente (CodTipo, Tipo) VALUES (37, 'LIBROS ELECTRONICOS');
INSERT INTO TipoComponente (CodTipo, Tipo) VALUES (38, 'MEMORIAS');
INSERT INTO TipoComponente (CodTipo, Tipo) VALUES (39, 'MEMORIAS  CAMARAS / TABLET / SMARTPHONE');
INSERT INTO TipoComponente (CodTipo, Tipo) VALUES (40, 'MEMORIAS FLASH USB');
INSERT INTO TipoComponente (CodTipo, Tipo) VALUES (41, 'MICROS INTEL');
INSERT INTO TipoComponente (CodTipo, Tipo) VALUES (42, 'MONITORES TFT');
INSERT INTO TipoComponente (CodTipo, Tipo) VALUES (43, 'MONITOR-TELEVISOR');
INSERT INTO TipoComponente (CodTipo, Tipo) VALUES (44, 'MP3/  MP4  IPOD  ACCESORIOS');
INSERT INTO TipoComponente (CodTipo, Tipo) VALUES (45, 'MULTIFUNCION LASER COLOR HP');
INSERT INTO TipoComponente (CodTipo, Tipo) VALUES (46, 'MULTIFUNCIONES LASER HP');
INSERT INTO TipoComponente (CodTipo, Tipo) VALUES (47, 'ORDENADORES ACER/ GATEWAY/ ASUS /HP');
INSERT INTO TipoComponente (CodTipo, Tipo) VALUES (48, 'ORDENADORES CONFIGURACIONES');
INSERT INTO TipoComponente (CodTipo, Tipo) VALUES (49, 'ORDENADORES SERVIDORES');
INSERT INTO TipoComponente (CodTipo, Tipo) VALUES (50, 'ORDENADORES SERVIDORES HP');
INSERT INTO TipoComponente (CodTipo, Tipo) VALUES (51, 'PIZARRAS');
INSERT INTO TipoComponente (CodTipo, Tipo) VALUES (52, 'PLACAS PARA MICROS INTEL  775/1155/1156/');
INSERT INTO TipoComponente (CodTipo, Tipo) VALUES (53, 'PORTATILES / NETBOOKS');
INSERT INTO TipoComponente (CodTipo, Tipo) VALUES (54, 'PORTATILES- ACCESORIOS Y COMPONENTES');
INSERT INTO TipoComponente (CodTipo, Tipo) VALUES (55, 'PROYECTORES');
INSERT INTO TipoComponente (CodTipo, Tipo) VALUES (56, 'PROYECTORES ACCESORIOS');
INSERT INTO TipoComponente (CodTipo, Tipo) VALUES (57, 'RATONES Y TRACKBALL');
INSERT INTO TipoComponente (CodTipo, Tipo) VALUES (58, 'REDES');
INSERT INTO TipoComponente (CodTipo, Tipo) VALUES (59, 'ROUTER');
INSERT INTO TipoComponente (CodTipo, Tipo) VALUES (60, 'SAMSUNG : IMPRESORAS LASER MONOCROMO');
INSERT INTO TipoComponente (CodTipo, Tipo) VALUES (61, 'SMARTHPONE ACCESORIOS');
INSERT INTO TipoComponente (CodTipo, Tipo) VALUES (62, 'SMARTPHONE');
INSERT INTO TipoComponente (CodTipo, Tipo) VALUES (63, 'SOFTWARE');
INSERT INTO TipoComponente (CodTipo, Tipo) VALUES (64, 'SOPORTE ALMACENAMIENTO');
INSERT INTO TipoComponente (CodTipo, Tipo) VALUES (65, 'TABLET');
INSERT INTO TipoComponente (CodTipo, Tipo) VALUES (66, 'TABLETAS  ( ACCESORIOS )');
INSERT INTO TipoComponente (CodTipo, Tipo) VALUES (67, 'TARJETAS DE SONIDOS');
INSERT INTO TipoComponente (CodTipo, Tipo) VALUES (68, 'TARJETAS GRAFICAS AGP');
INSERT INTO TipoComponente (CodTipo, Tipo) VALUES (69, 'TARJETAS GRAFICAS PCI EXPRESS');
INSERT INTO TipoComponente (CodTipo, Tipo) VALUES (70, 'TECLADOS Y TECLADO+RATON INALAMBRICOS');
INSERT INTO TipoComponente (CodTipo, Tipo) VALUES (71, 'TPV');
INSERT INTO TipoComponente (CodTipo, Tipo) VALUES (72, 'TV');
INSERT INTO TipoComponente (CodTipo, Tipo) VALUES (73, 'TV ACCESORIOS');
INSERT INTO TipoComponente (CodTipo, Tipo) VALUES (74, 'UPS');
INSERT INTO TipoComponente (CodTipo, Tipo) VALUES (75, 'VARIOS');
INSERT INTO TipoComponente (CodTipo, Tipo) VALUES (76, 'VENTILADORES');
-- 76 records


alter table factura
add constraint FK_facturatienda
foreign key (idTienda)
references Tienda (idTienda);


alter table facturacomponente
add constraint FK_facturacomponente1
foreign key (Nfactura)
references Factura (NFactura);


alter table facturacomponente
add constraint FK_facturacomponente2
foreign key (CodComponente)
references Componente (clave);


alter table componente
add constraint FK_componentetipo
foreign key (CodTipo)
references TipoComponente (CodTipo);
